Algorithm and Environment,Episode,Reward
Q-Learning - simple,0,-5.029999999999996
Q-Learning - simple,1,-7.309999999999992
Q-Learning - simple,2,-3.189999999999997
Q-Learning - simple,3,-15.249999999999982
Q-Learning - simple,4,-29.160000000000057
Q-Learning - simple,5,-24.290000000000077
Q-Learning - simple,6,-16.909999999999986
Q-Learning - simple,7,-5.669999999999996
Q-Learning - simple,8,-2.3099999999999974
Q-Learning - simple,9,-5.9499999999999975
Q-Learning - simple,10,-8.369999999999992
Q-Learning - simple,11,-0.8500000000000001
Q-Learning - simple,12,-4.969999999999994
Q-Learning - simple,13,-24.400000000000045
Q-Learning - simple,14,-3.009999999999997
Q-Learning - simple,15,-14.569999999999984
Q-Learning - simple,16,-20.720000000000045
Q-Learning - simple,17,-13.389999999999985
Q-Learning - simple,18,-7.56999999999999
Q-Learning - simple,19,-19.740000000000016
Q-Learning - simple,20,-23.630000000000088
Q-Learning - simple,21,-11.989999999999979
Q-Learning - simple,22,-21.830000000000076
Q-Learning - simple,23,-13.78999999999998
Q-Learning - simple,24,-22.980000000000054
Q-Learning - simple,25,-4.409999999999995
Q-Learning - simple,26,-7.869999999999994
Q-Learning - simple,27,-17.26999999999998
Q-Learning - simple,28,-15.969999999999995
Q-Learning - simple,29,-22.790000000000123
Q-Learning - simple,30,-24.430000000000042
Q-Learning - simple,31,-22.520000000000042
Q-Learning - simple,32,-16.949999999999996
Q-Learning - simple,33,-5.269999999999993
Q-Learning - simple,34,-10.049999999999988
Q-Learning - simple,35,-30.390000000000054
Q-Learning - simple,36,-1.9499999999999957
Q-Learning - simple,37,-7.389999999999997
Q-Learning - simple,38,-21.24000000000002
Q-Learning - simple,39,-19.630000000000013
Q-Learning - simple,40,-21.310000000000016
Q-Learning - simple,41,-16.689999999999984
Q-Learning - simple,42,-21.089999999999986
Q-Learning - simple,43,-14.94999999999997
Q-Learning - simple,44,-27.80000000000004
Q-Learning - simple,45,-16.129999999999985
Q-Learning - simple,46,-9.16999999999999
Q-Learning - simple,47,-21.430000000000007
Q-Learning - simple,48,-7.929999999999994
Q-Learning - simple,49,-9.88999999999999
Q-Learning - simple,50,-7.009999999999987
Q-Learning - simple,51,-21.71000000000006
Q-Learning - simple,52,-4.269999999999993
Q-Learning - simple,53,-26.930000000000067
Q-Learning - simple,54,-23.170000000000034
Q-Learning - simple,55,-23.07000000000004
Q-Learning - simple,56,-21.050000000000008
Q-Learning - simple,57,-19.030000000000015
Q-Learning - simple,58,-12.449999999999978
Q-Learning - simple,59,-29.050000000000086
Q-Learning - simple,60,-12.829999999999986
Q-Learning - simple,61,-2.869999999999991
Q-Learning - simple,62,-6.209999999999992
Q-Learning - simple,63,-23.390000000000043
Q-Learning - simple,64,-22.060000000000077
Q-Learning - simple,65,-4.349999999999995
Q-Learning - simple,66,-10.389999999999995
Q-Learning - simple,67,-2.25
Q-Learning - simple,68,-17.87000000000003
Q-Learning - simple,69,-4.6499999999999915
Q-Learning - simple,70,-1.1299999999999986
Q-Learning - simple,71,-10.78999999999998
Q-Learning - simple,72,-14.40999999999998
Q-Learning - simple,73,-18.22000000000002
Q-Learning - simple,74,-18.709999999999983
Q-Learning - simple,75,-7.049999999999994
Q-Learning - simple,76,-7.509999999999993
Q-Learning - simple,77,-6.769999999999997
Q-Learning - simple,78,-6.789999999999988
Q-Learning - simple,79,-5.629999999999999
Q-Learning - simple,80,-26.44000000000008
Q-Learning - simple,81,-27.010000000000066
Q-Learning - simple,82,-2.3099999999999996
Q-Learning - simple,83,-4.709999999999992
Q-Learning - simple,84,-18.980000000000008
Q-Learning - simple,85,-8.049999999999988
Q-Learning - simple,86,-26.670000000000048
Q-Learning - simple,87,-23.33000000000005
Q-Learning - simple,88,-4.129999999999996
Q-Learning - simple,89,-15.709999999999967
Q-Learning - simple,90,-14.349999999999966
Q-Learning - simple,91,-21.350000000000037
Q-Learning - simple,92,-10.609999999999985
Q-Learning - simple,93,-23.350000000000044
Q-Learning - simple,94,-20.75000000000001
Q-Learning - simple,95,-22.11000000000004
Q-Learning - simple,96,-21.650000000000112
Q-Learning - simple,97,-25.87000000000009
Q-Learning - simple,98,-13.66999999999997
Q-Learning - simple,99,-21.100000000000048
Q-Learning - simple,100,-3.3099999999999987
Q-Learning - simple,101,-1.0500000000000003
Q-Learning - simple,102,-19.57000000000003
Q-Learning - simple,103,-11.809999999999986
Q-Learning - simple,104,-18.90000000000005
Q-Learning - simple,105,-9.389999999999997
Q-Learning - simple,106,-15.109999999999978
Q-Learning - simple,107,-20.310000000000052
Q-Learning - simple,108,-17.45000000000001
Q-Learning - simple,109,-13.609999999999982
Q-Learning - simple,110,-12.109999999999978
Q-Learning - simple,111,-23.63000000000005
Q-Learning - simple,112,-13.66999999999998
Q-Learning - simple,113,-11.669999999999986
Q-Learning - simple,114,-28.450000000000077
Q-Learning - simple,115,-21.780000000000115
Q-Learning - simple,116,-25.590000000000032
Q-Learning - simple,117,-9.109999999999985
Q-Learning - simple,118,-8.889999999999988
Q-Learning - simple,119,-8.649999999999988
Q-Learning - simple,120,-17.31999999999997
Q-Learning - simple,121,-17.209999999999972
Q-Learning - simple,122,-4.889999999999995
Q-Learning - simple,123,-8.789999999999987
Q-Learning - simple,124,-23.09000000000008
Q-Learning - simple,125,-9.789999999999985
Q-Learning - simple,126,-14.149999999999972
Q-Learning - simple,127,-31.56000000000008
Q-Learning - simple,128,-4.949999999999993
Q-Learning - simple,129,-18.250000000000032
Q-Learning - simple,130,-2.9099999999999975
Q-Learning - simple,131,-17.04999999999999
Q-Learning - simple,132,-10.069999999999986
Q-Learning - simple,133,-9.989999999999979
Q-Learning - simple,134,-23.010000000000026
Q-Learning - simple,135,-15.659999999999965
Q-Learning - simple,136,-19.090000000000007
Q-Learning - simple,137,-24.8300000000001
Q-Learning - simple,138,-3.369999999999999
Q-Learning - simple,139,-4.829999999999999
Q-Learning - simple,140,-3.63
Q-Learning - simple,141,-17.67000000000001
Q-Learning - simple,142,-6.569999999999995
Q-Learning - simple,143,-22.980000000000068
Q-Learning - simple,144,-2.4899999999999993
Q-Learning - simple,145,-23.11000000000002
Q-Learning - simple,146,-8.789999999999992
Q-Learning - simple,147,-22.410000000000085
Q-Learning - simple,148,-14.529999999999973
Q-Learning - simple,149,-5.4899999999999975
Q-Learning - simple,150,-24.47000000000006
Q-Learning - simple,151,-2.569999999999997
Q-Learning - simple,152,-24.200000000000067
Q-Learning - simple,153,-9.829999999999991
Q-Learning - simple,154,-22.650000000000084
Q-Learning - simple,155,-21.400000000000084
Q-Learning - simple,156,-17.890000000000036
Q-Learning - simple,157,-9.549999999999983
Q-Learning - simple,158,-24.77000000000002
Q-Learning - simple,159,-1.9899999999999998
Q-Learning - simple,160,-7.14999999999999
Q-Learning - simple,161,-19.88000000000003
Q-Learning - simple,162,-19.79
Q-Learning - simple,163,-23.80000000000001
Q-Learning - simple,164,-6.669999999999994
Q-Learning - simple,165,-19.41000000000003
Q-Learning - simple,166,-23.970000000000002
Q-Learning - simple,167,-9.34999999999999
Q-Learning - simple,168,-4.2299999999999915
Q-Learning - simple,169,-7.86999999999999
Q-Learning - simple,170,-6.669999999999996
Q-Learning - simple,171,-6.029999999999995
Q-Learning - simple,172,-15.739999999999963
Q-Learning - simple,173,-24.940000000000083
Q-Learning - simple,174,-13.569999999999974
Q-Learning - simple,175,-22.76000000000004
Q-Learning - simple,176,-26.930000000000064
Q-Learning - simple,177,-13.789999999999978
Q-Learning - simple,178,-15.469999999999992
Q-Learning - simple,179,-23.960000000000022
Q-Learning - simple,180,-10.949999999999983
Q-Learning - simple,181,-25.840000000000124
Q-Learning - simple,182,-23.410000000000043
Q-Learning - simple,183,-12.449999999999982
Q-Learning - simple,184,-8.229999999999999
Q-Learning - simple,185,-1.6500000000000004
Q-Learning - simple,186,-6.009999999999997
Q-Learning - simple,187,-22.19000000000003
Q-Learning - simple,188,-17.330000000000034
Q-Learning - simple,189,-4.84999999999999
Q-Learning - simple,190,-8.349999999999985
Q-Learning - simple,191,-9.369999999999983
Q-Learning - simple,192,-2.4699999999999966
Q-Learning - simple,193,-32.020000000000095
Q-Learning - simple,194,-10.86999999999998
Q-Learning - simple,195,-23.200000000000067
Q-Learning - simple,196,-18.509999999999998
Q-Learning - simple,197,-11.749999999999984
Q-Learning - simple,198,-10.869999999999981
Q-Learning - simple,199,-7.94999999999999
Q-Learning - simple,200,-11.609999999999983
Q-Learning - simple,201,-24.610000000000042
Q-Learning - simple,202,-6.509999999999993
Q-Learning - simple,203,-28.290000000000024
Q-Learning - simple,204,-9.649999999999991
Q-Learning - simple,205,-27.170000000000034
Q-Learning - simple,206,-16.56999999999997
Q-Learning - simple,207,-20.060000000000016
Q-Learning - simple,208,-3.9699999999999918
Q-Learning - simple,209,-21.590000000000032
Q-Learning - simple,210,-20.79000000000002
Q-Learning - simple,211,-6.269999999999996
Q-Learning - simple,212,-19.550000000000043
Q-Learning - simple,213,-19.55000000000004
Q-Learning - simple,214,-5.089999999999995
Q-Learning - simple,215,-6.829999999999993
Q-Learning - simple,216,-11.669999999999984
Q-Learning - simple,217,-13.789999999999974
Q-Learning - simple,218,-0.3500000000000001
Q-Learning - simple,219,-8.649999999999983
Q-Learning - simple,220,-22.410000000000007
Q-Learning - simple,221,-7.249999999999988
Q-Learning - simple,222,-18.76
Q-Learning - simple,223,-7.8499999999999925
Q-Learning - simple,224,-24.830000000000062
Q-Learning - simple,225,-19.280000000000026
Q-Learning - simple,226,-1.8099999999999996
Q-Learning - simple,227,-21.400000000000016
Q-Learning - simple,228,-5.669999999999998
Q-Learning - simple,229,-14.369999999999985
Q-Learning - simple,230,-21.430000000000007
Q-Learning - simple,231,-18.979999999999986
Q-Learning - simple,232,-22.63000000000004
Q-Learning - simple,233,-16.04999999999999
Q-Learning - simple,234,-23.01000000000003
Q-Learning - simple,235,-7.249999999999989
Q-Learning - simple,236,-15.569999999999961
Q-Learning - simple,237,-15.359999999999971
Q-Learning - simple,238,-13.609999999999982
Q-Learning - simple,239,-6.689999999999992
Q-Learning - simple,240,-20.970000000000034
Q-Learning - simple,241,-16.489999999999995
Q-Learning - simple,242,-16.30999999999997
Q-Learning - simple,243,-10.90999999999999
Q-Learning - simple,244,-23.690000000000072
Q-Learning - simple,245,-8.189999999999994
Q-Learning - simple,246,-26.11000000000002
Q-Learning - simple,247,-2.669999999999992
Q-Learning - simple,248,-23.090000000000057
Q-Learning - simple,249,-8.489999999999984
Q-Learning - simple,250,-6.4299999999999935
Q-Learning - simple,251,-23.01000000000002
Q-Learning - simple,252,-15.569999999999975
Q-Learning - simple,253,-19.029999999999994
Q-Learning - simple,254,-13.089999999999977
Q-Learning - simple,255,-20.800000000000008
Q-Learning - simple,256,-8.769999999999989
Q-Learning - simple,257,-20.290000000000024
Q-Learning - simple,258,-25.37000000000007
Q-Learning - simple,259,-29.380000000000127
Q-Learning - simple,260,-21.77999999999999
Q-Learning - simple,261,-7.529999999999992
Q-Learning - simple,262,-21.510000000000044
Q-Learning - simple,263,-8.58999999999999
Q-Learning - simple,264,-13.20999999999998
Q-Learning - simple,265,-3.709999999999999
Q-Learning - simple,266,-22.980000000000068
Q-Learning - simple,267,-9.949999999999985
Q-Learning - simple,268,-19.610000000000035
Q-Learning - simple,269,-3.469999999999999
Q-Learning - simple,270,-12.409999999999988
Q-Learning - simple,271,-16.189999999999987
Q-Learning - simple,272,-29.240000000000094
Q-Learning - simple,273,-4.289999999999994
Q-Learning - simple,274,-12.489999999999979
Q-Learning - simple,275,-31.030000000000058
Q-Learning - simple,276,-25.73000000000002
Q-Learning - simple,277,-8.049999999999985
Q-Learning - simple,278,-20.59000000000005
Q-Learning - simple,279,-7.109999999999994
Q-Learning - simple,280,-19.870000000000047
Q-Learning - simple,281,-14.149999999999977
Q-Learning - simple,282,-7.809999999999992
Q-Learning - simple,283,-17.239999999999988
Q-Learning - simple,284,-10.749999999999988
Q-Learning - simple,285,-4.7499999999999964
Q-Learning - simple,286,-19.130000000000013
Q-Learning - simple,287,-11.289999999999988
Q-Learning - simple,288,-18.09999999999999
Q-Learning - simple,289,-11.86999999999998
Q-Learning - simple,290,-15.86999999999998
Q-Learning - simple,291,-6.689999999999994
Q-Learning - simple,292,-32.320000000000064
Q-Learning - simple,293,-6.129999999999988
Q-Learning - simple,294,-5.749999999999991
Q-Learning - simple,295,-10.729999999999983
Q-Learning - simple,296,-8.829999999999991
Q-Learning - simple,297,-20.549999999999983
Q-Learning - simple,298,-12.469999999999974
Q-Learning - simple,299,-11.249999999999982
Q-Learning - simple,300,-22.240000000000038
Q-Learning - simple,301,-12.629999999999974
Q-Learning - simple,302,-9.349999999999993
Q-Learning - simple,303,-18.110000000000007
Q-Learning - simple,304,-8.449999999999983
Q-Learning - simple,305,-11.829999999999977
Q-Learning - simple,306,-18.410000000000025
Q-Learning - simple,307,-17.829999999999988
Q-Learning - simple,308,-25.27000000000007
Q-Learning - simple,309,-14.629999999999983
Q-Learning - simple,310,-13.609999999999978
Q-Learning - simple,311,-19.470000000000024
Q-Learning - simple,312,-10.249999999999991
Q-Learning - simple,313,-18.93000000000002
Q-Learning - simple,314,-11.869999999999983
Q-Learning - simple,315,-4.1699999999999955
Q-Learning - simple,316,-24.86000000000003
Q-Learning - simple,317,-27.220000000000066
Q-Learning - simple,318,-27.750000000000092
Q-Learning - simple,319,-18.949999999999978
Q-Learning - simple,320,-22.74000000000005
Q-Learning - simple,321,-20.560000000000034
Q-Learning - simple,322,-18.96999999999999
Q-Learning - simple,323,-10.409999999999982
Q-Learning - simple,324,-3.3699999999999957
Q-Learning - simple,325,-18.87000000000001
Q-Learning - simple,326,-3.089999999999998
Q-Learning - simple,327,-21.500000000000025
Q-Learning - simple,328,-18.029999999999987
Q-Learning - simple,329,-19.849999999999987
Q-Learning - simple,330,-15.409999999999986
Q-Learning - simple,331,-14.709999999999965
Q-Learning - simple,332,-12.749999999999977
Q-Learning - simple,333,-24.180000000000046
Q-Learning - simple,334,-15.029999999999973
Q-Learning - simple,335,-2.969999999999998
Q-Learning - simple,336,-1.8900000000000001
Q-Learning - simple,337,-13.789999999999978
Q-Learning - simple,338,-19.280000000000033
Q-Learning - simple,339,-20.09000000000001
Q-Learning - simple,340,-10.009999999999987
Q-Learning - simple,341,-5.86999999999999
Q-Learning - simple,342,-25.57000000000009
Q-Learning - simple,343,-18.88999999999999
Q-Learning - simple,344,-12.149999999999963
Q-Learning - simple,345,-12.74999999999998
Q-Learning - simple,346,-3.8699999999999948
Q-Learning - simple,347,-9.66999999999998
Q-Learning - simple,348,-1.69
Q-Learning - simple,349,-3.9699999999999953
Q-Learning - simple,350,0.27
Q-Learning - simple,351,-24.590000000000078
Q-Learning - simple,352,-8.72999999999999
Q-Learning - simple,353,-6.409999999999997
Q-Learning - simple,354,-3.1299999999999972
Q-Learning - simple,355,-23.200000000000053
Q-Learning - simple,356,-23.470000000000063
Q-Learning - simple,357,-19.120000000000005
Q-Learning - simple,358,-10.209999999999987
Q-Learning - simple,359,-22.49000000000004
Q-Learning - simple,360,-22.900000000000016
Q-Learning - simple,361,-8.04999999999999
Q-Learning - simple,362,-5.449999999999998
Q-Learning - simple,363,-21.760000000000062
Q-Learning - simple,364,-30.060000000000098
Q-Learning - simple,365,-14.00999999999998
Q-Learning - simple,366,-22.190000000000033
Q-Learning - simple,367,-4.569999999999989
Q-Learning - simple,368,-9.369999999999992
Q-Learning - simple,369,-28.810000000000066
Q-Learning - simple,370,-4.729999999999993
Q-Learning - simple,371,-13.729999999999972
Q-Learning - simple,372,-10.469999999999985
Q-Learning - simple,373,-5.269999999999993
Q-Learning - simple,374,-7.529999999999987
Q-Learning - simple,375,-5.529999999999996
Q-Learning - simple,376,-7.029999999999992
Q-Learning - simple,377,-17.75
Q-Learning - simple,378,-3.4899999999999913
Q-Learning - simple,379,-16.84999999999997
Q-Learning - simple,380,-14.589999999999977
Q-Learning - simple,381,-21.050000000000054
Q-Learning - simple,382,-26.66000000000009
Q-Learning - simple,383,-26.470000000000088
Q-Learning - simple,384,-15.389999999999976
Q-Learning - simple,385,-3.109999999999995
Q-Learning - simple,386,-19.93000000000003
Q-Learning - simple,387,-8.389999999999993
Q-Learning - simple,388,-20.720000000000027
Q-Learning - simple,389,-2.2299999999999995
Q-Learning - simple,390,-22.950000000000006
Q-Learning - simple,391,-20.890000000000022
Q-Learning - simple,392,-14.969999999999974
Q-Learning - simple,393,-19.010000000000026
Q-Learning - simple,394,-24.020000000000042
Q-Learning - simple,395,-18.54000000000001
Q-Learning - simple,396,-7.129999999999994
Q-Learning - simple,397,-10.289999999999981
Q-Learning - simple,398,-4.949999999999991
Q-Learning - simple,399,-9.169999999999993
Q-Learning - simple,400,-20.310000000000013
Q-Learning - simple,401,-12.929999999999973
Q-Learning - simple,402,-7.469999999999995
Q-Learning - simple,403,-9.929999999999989
Q-Learning - simple,404,-17.400000000000038
Q-Learning - simple,405,-19.360000000000007
Q-Learning - simple,406,-30.1400000000001
Q-Learning - simple,407,-18.16
Q-Learning - simple,408,-22.330000000000055
Q-Learning - simple,409,-13.90999999999998
Q-Learning - simple,410,-21.84000000000005
Q-Learning - simple,411,-8.069999999999988
Q-Learning - simple,412,-9.309999999999995
Q-Learning - simple,413,0.32999999999999996
Q-Learning - simple,414,-6.269999999999996
Q-Learning - simple,415,-21.33000000000003
Q-Learning - simple,416,-14.269999999999976
Q-Learning - simple,417,-1.0100000000000002
Q-Learning - simple,418,-18.110000000000035
Q-Learning - simple,419,-19.740000000000027
Q-Learning - simple,420,-24.340000000000007
Q-Learning - simple,421,-16.709999999999983
Q-Learning - simple,422,-23.420000000000073
Q-Learning - simple,423,-5.429999999999994
Q-Learning - simple,424,-6.049999999999995
Q-Learning - simple,425,-15.899999999999965
Q-Learning - simple,426,-17.13
Q-Learning - simple,427,-12.409999999999986
Q-Learning - simple,428,-1.2499999999999978
Q-Learning - simple,429,-19.200000000000014
Q-Learning - simple,430,-13.689999999999978
Q-Learning - simple,431,-17.779999999999973
Q-Learning - simple,432,-5.789999999999991
Q-Learning - simple,433,-11.809999999999988
Q-Learning - simple,434,-23.960000000000097
Q-Learning - simple,435,-14.949999999999969
Q-Learning - simple,436,-6.449999999999993
Q-Learning - simple,437,-9.189999999999985
Q-Learning - simple,438,-4.609999999999993
Q-Learning - simple,439,-13.549999999999978
Q-Learning - simple,440,-26.330000000000087
Q-Learning - simple,441,-9.809999999999985
Q-Learning - simple,442,-20.560000000000013
Q-Learning - simple,443,-12.609999999999983
Q-Learning - simple,444,-6.989999999999983
Q-Learning - simple,445,-23.58000000000005
Q-Learning - simple,446,-20.37000000000002
Q-Learning - simple,447,-23.570000000000054
Q-Learning - simple,448,-22.140000000000096
Q-Learning - simple,449,-10.129999999999987
Q-Learning - simple,450,-22.27000000000004
Q-Learning - simple,451,-12.98999999999998
Q-Learning - simple,452,-3.489999999999995
Q-Learning - simple,453,-23.58000000000009
Q-Learning - simple,454,-2.049999999999997
Q-Learning - simple,455,-26.080000000000073
Q-Learning - simple,456,-18.890000000000008
Q-Learning - simple,457,-23.5
Q-Learning - simple,458,-22.74000000000006
Q-Learning - simple,459,-4.949999999999991
Q-Learning - simple,460,-19.77000000000008
Q-Learning - simple,461,-5.5099999999999945
Q-Learning - simple,462,-13.469999999999976
Q-Learning - simple,463,-16.40999999999996
Q-Learning - simple,464,-16.689999999999973
Q-Learning - simple,465,-2.2499999999999987
Q-Learning - simple,466,-15.709999999999976
Q-Learning - simple,467,-20.94000000000004
Q-Learning - simple,468,-9.58999999999999
Q-Learning - simple,469,-15.86999999999999
Q-Learning - simple,470,-7.449999999999989
Q-Learning - simple,471,-14.679999999999964
Q-Learning - simple,472,-1.9499999999999993
Q-Learning - simple,473,-21.320000000000025
Q-Learning - simple,474,-8.92999999999999
Q-Learning - simple,475,-15.579999999999965
Q-Learning - simple,476,-9.149999999999991
Q-Learning - simple,477,-22.520000000000053
Q-Learning - simple,478,-12.789999999999978
Q-Learning - simple,479,-23.310000000000052
Q-Learning - simple,480,-23.090000000000064
Q-Learning - simple,481,-24.100000000000033
Q-Learning - simple,482,-4.0499999999999945
Q-Learning - simple,483,-19.77000000000006
Q-Learning - simple,484,-25.950000000000088
Q-Learning - simple,485,-1.9100000000000001
Q-Learning - simple,486,-16.769999999999968
Q-Learning - simple,487,-13.889999999999983
Q-Learning - simple,488,-19.659999999999993
Q-Learning - simple,489,-20.560000000000027
Q-Learning - simple,490,-11.089999999999987
Q-Learning - simple,491,-3.1499999999999986
Q-Learning - simple,492,-17.779999999999998
Q-Learning - simple,493,-30.96000000000007
Q-Learning - simple,494,-7.709999999999997
Q-Learning - simple,495,-21.430000000000085
Q-Learning - simple,496,-15.199999999999966
Q-Learning - simple,497,-4.069999999999997
Q-Learning - simple,498,-19.410000000000004
Q-Learning - simple,499,-20.53000000000005
Q-Learning - simple,500,-3.909999999999995
Q-Learning - simple,501,-14.12999999999997
Q-Learning - simple,502,-23.42000000000004
Q-Learning - simple,503,-21.400000000000013
Q-Learning - simple,504,-12.08999999999999
Q-Learning - simple,505,-6.529999999999994
Q-Learning - simple,506,-4.729999999999996
Q-Learning - simple,507,-19.660000000000032
Q-Learning - simple,508,-12.229999999999979
Q-Learning - simple,509,-17.810000000000016
Q-Learning - simple,510,-22.41000000000004
Q-Learning - simple,511,-8.309999999999988
Q-Learning - simple,512,-26.330000000000076
Q-Learning - simple,513,-6.209999999999989
Q-Learning - simple,514,-8.769999999999992
Q-Learning - simple,515,-11.989999999999982
Q-Learning - simple,516,-23.830000000000105
Q-Learning - simple,517,-17.069999999999986
Q-Learning - simple,518,-3.2899999999999983
Q-Learning - simple,519,-15.709999999999994
Q-Learning - simple,520,-23.390000000000047
Q-Learning - simple,521,-17.530000000000012
Q-Learning - simple,522,-12.069999999999983
Q-Learning - simple,523,-17.110000000000007
Q-Learning - simple,524,-7.649999999999988
Q-Learning - simple,525,-4.4699999999999935
Q-Learning - simple,526,-10.769999999999985
Q-Learning - simple,527,-2.849999999999997
Q-Learning - simple,528,-18.30999999999998
Q-Learning - simple,529,-6.589999999999994
Q-Learning - simple,530,-2.4299999999999997
Q-Learning - simple,531,-24.860000000000095
Q-Learning - simple,532,-2.29
Q-Learning - simple,533,-29.380000000000106
Q-Learning - simple,534,-4.029999999999993
Q-Learning - simple,535,-6.7099999999999955
Q-Learning - simple,536,-20.670000000000023
Q-Learning - simple,537,-18.90000000000004
Q-Learning - simple,538,-10.52999999999999
Q-Learning - simple,539,-27.36000000000007
Q-Learning - simple,540,-19.450000000000006
Q-Learning - simple,541,-10.269999999999992
Q-Learning - simple,542,-22.38000000000003
Q-Learning - simple,543,-9.949999999999985
Q-Learning - simple,544,-24.780000000000012
Q-Learning - simple,545,-13.14999999999997
Q-Learning - simple,546,-29.08000000000011
Q-Learning - simple,547,-13.179999999999964
Q-Learning - simple,548,-13.569999999999975
Q-Learning - simple,549,-28.320000000000107
Q-Learning - simple,550,-22.280000000000037
Q-Learning - simple,551,-23.25000000000001
Q-Learning - simple,552,-21.430000000000064
Q-Learning - simple,553,-2.41
Q-Learning - simple,554,-11.649999999999986
Q-Learning - simple,555,-16.959999999999987
Q-Learning - simple,556,-4.629999999999999
Q-Learning - simple,557,-23.330000000000013
Q-Learning - simple,558,-17.310000000000016
Q-Learning - simple,559,-8.069999999999988
Q-Learning - simple,560,-18.649999999999995
Q-Learning - simple,561,-21.950000000000053
Q-Learning - simple,562,-1.4300000000000002
Q-Learning - simple,563,-4.529999999999997
Q-Learning - simple,564,-24.340000000000046
Q-Learning - simple,565,-21.620000000000033
Q-Learning - simple,566,-19.25000000000008
Q-Learning - simple,567,-5.009999999999997
Q-Learning - simple,568,-11.769999999999975
Q-Learning - simple,569,-6.40999999999999
Q-Learning - simple,570,-19.74000000000001
Q-Learning - simple,571,-5.669999999999998
Q-Learning - simple,572,-18.650000000000023
Q-Learning - simple,573,-7.629999999999988
Q-Learning - simple,574,-16.169999999999995
Q-Learning - simple,575,-12.12999999999998
Q-Learning - simple,576,-21.37
Q-Learning - simple,577,-21.730000000000008
Q-Learning - simple,578,-19.550000000000004
Q-Learning - simple,579,-19.170000000000012
Q-Learning - simple,580,-7.409999999999991
Q-Learning - simple,581,-20.480000000000008
Q-Learning - simple,582,-21.8400000000001
Q-Learning - simple,583,-15.489999999999961
Q-Learning - simple,584,-23.550000000000058
Q-Learning - simple,585,-22.35000000000006
Q-Learning - simple,586,-15.769999999999982
Q-Learning - simple,587,-11.909999999999982
Q-Learning - simple,588,-17.75
Q-Learning - simple,589,-8.769999999999984
Q-Learning - simple,590,-9.58999999999999
Q-Learning - simple,591,-19.529999999999998
Q-Learning - simple,592,-18.930000000000014
Q-Learning - simple,593,-23.99000000000007
Q-Learning - simple,594,-19.740000000000013
Q-Learning - simple,595,-15.249999999999972
Q-Learning - simple,596,-25.070000000000046
Q-Learning - simple,597,-24.45000000000005
Q-Learning - simple,598,-1.929999999999998
Q-Learning - simple,599,-13.209999999999967
Q-Learning - simple,600,-35.480000000000054
Q-Learning - simple,601,-18.48999999999998
Q-Learning - simple,602,-14.02999999999998
Q-Learning - simple,603,-19.88000000000005
Q-Learning - simple,604,0.83
Q-Learning - simple,605,-23.39000000000005
Q-Learning - simple,606,-23.99000000000009
Q-Learning - simple,607,-14.649999999999972
Q-Learning - simple,608,-14.429999999999987
Q-Learning - simple,609,-5.649999999999992
Q-Learning - simple,610,-18.19000000000001
Q-Learning - simple,611,-19.609999999999996
Q-Learning - simple,612,-16.169999999999984
Q-Learning - simple,613,-23.77000000000002
Q-Learning - simple,614,-28.970000000000113
Q-Learning - simple,615,-25.630000000000074
Q-Learning - simple,616,-14.229999999999972
Q-Learning - simple,617,-18.79000000000001
Q-Learning - simple,618,-21.750000000000057
Q-Learning - simple,619,-18.730000000000004
Q-Learning - simple,620,-20.050000000000082
Q-Learning - simple,621,-30.630000000000056
Q-Learning - simple,622,-19.36000000000001
Q-Learning - simple,623,-7.609999999999989
Q-Learning - simple,624,-6.8699999999999894
Q-Learning - simple,625,-20.740000000000048
Q-Learning - simple,626,-16.68999999999998
Q-Learning - simple,627,-3.049999999999998
Q-Learning - simple,628,-23.9400000000001
Q-Learning - simple,629,-18.459999999999997
Q-Learning - simple,630,-10.629999999999981
Q-Learning - simple,631,-13.289999999999981
Q-Learning - simple,632,-14.649999999999972
Q-Learning - simple,633,-23.030000000000033
Q-Learning - simple,634,-14.409999999999979
Q-Learning - simple,635,-13.409999999999977
Q-Learning - simple,636,-25.480000000000057
Q-Learning - simple,637,-15.629999999999974
Q-Learning - simple,638,-9.04999999999999
Q-Learning - simple,639,-5.329999999999989
Q-Learning - simple,640,-2.909999999999999
Q-Learning - simple,641,-4.2099999999999955
Q-Learning - simple,642,-18.269999999999985
Q-Learning - simple,643,-4.009999999999996
Q-Learning - simple,644,-14.66999999999998
Q-Learning - simple,645,-19.249999999999996
Q-Learning - simple,646,-6.809999999999992
Q-Learning - simple,647,-12.029999999999987
Q-Learning - simple,648,-4.849999999999997
Q-Learning - simple,649,-23.53000000000005
Q-Learning - simple,650,-27.090000000000057
Q-Learning - simple,651,-24.330000000000076
Q-Learning - simple,652,-15.809999999999974
Q-Learning - simple,653,-2.6899999999999995
Q-Learning - simple,654,-2.949999999999995
Q-Learning - simple,655,-15.949999999999974
Q-Learning - simple,656,-23.770000000000024
Q-Learning - simple,657,-22.540000000000045
Q-Learning - simple,658,-18.19000000000001
Q-Learning - simple,659,-19.91
Q-Learning - simple,660,-15.409999999999963
Q-Learning - simple,661,-17.770000000000017
Q-Learning - simple,662,-21.73000000000001
Q-Learning - simple,663,-23.550000000000047
Q-Learning - simple,664,-6.34999999999999
Q-Learning - simple,665,-25.98000000000009
Q-Learning - simple,666,-21.51000000000003
Q-Learning - simple,667,-29.160000000000085
Q-Learning - simple,668,-17.03
Q-Learning - simple,669,-8.509999999999986
Q-Learning - simple,670,-21.02000000000005
Q-Learning - simple,671,-2.609999999999999
Q-Learning - simple,672,-16.10999999999999
Q-Learning - simple,673,-12.04999999999998
Q-Learning - simple,674,-19.17
Q-Learning - simple,675,-23.570000000000086
Q-Learning - simple,676,-7.5099999999999945
Q-Learning - simple,677,-17.919999999999995
Q-Learning - simple,678,-13.229999999999976
Q-Learning - simple,679,-19.79
Q-Learning - simple,680,-26.030000000000083
Q-Learning - simple,681,-20.689999999999998
Q-Learning - simple,682,-6.649999999999997
Q-Learning - simple,683,-24.620000000000072
Q-Learning - simple,684,-12.749999999999982
Q-Learning - simple,685,-5.629999999999995
Q-Learning - simple,686,-22.67000000000007
Q-Learning - simple,687,-29.160000000000075
Q-Learning - simple,688,-20.96000000000001
Q-Learning - simple,689,-26.240000000000098
Q-Learning - simple,690,-22.41000000000007
Q-Learning - simple,691,-27.690000000000087
Q-Learning - simple,692,-5.069999999999991
Q-Learning - simple,693,-11.589999999999984
Q-Learning - simple,694,-32.29000000000006
Q-Learning - simple,695,-21.920000000000005
Q-Learning - simple,696,-1.2099999999999955
Q-Learning - simple,697,-4.7099999999999955
Q-Learning - simple,698,-20.34000000000003
Q-Learning - simple,699,-2.8699999999999966
Q-Learning - simple,700,-14.32999999999998
Q-Learning - simple,701,-16.22999999999998
Q-Learning - simple,702,-18.950000000000003
Q-Learning - simple,703,-7.72999999999999
Q-Learning - simple,704,-26.36000000000003
Q-Learning - simple,705,-23.39000000000006
Q-Learning - simple,706,-1.87
Q-Learning - simple,707,-19.070000000000036
Q-Learning - simple,708,-17.619999999999987
Q-Learning - simple,709,-12.009999999999978
Q-Learning - simple,710,-3.969999999999998
Q-Learning - simple,711,-17.999999999999996
Q-Learning - simple,712,-3.149999999999997
Q-Learning - simple,713,-18.15000000000001
Q-Learning - simple,714,-23.36000000000004
Q-Learning - simple,715,-15.789999999999981
Q-Learning - simple,716,-20.580000000000048
Q-Learning - simple,717,-15.629999999999978
Q-Learning - simple,718,-17.85999999999997
Q-Learning - simple,719,-12.349999999999975
Q-Learning - simple,720,-19.00999999999999
Q-Learning - simple,721,-19.680000000000017
Q-Learning - simple,722,-16.719999999999974
Q-Learning - simple,723,-19.850000000000005
Q-Learning - simple,724,-0.13000000000000012
Q-Learning - simple,725,-10.769999999999982
Q-Learning - simple,726,-20.99000000000003
Q-Learning - simple,727,-26.460000000000075
Q-Learning - simple,728,-20.83000000000003
Q-Learning - simple,729,-19.090000000000032
Q-Learning - simple,730,-27.99000000000006
Q-Learning - simple,731,-21.810000000000013
Q-Learning - simple,732,-15.739999999999966
Q-Learning - simple,733,-3.1099999999999977
Q-Learning - simple,734,-10.569999999999979
Q-Learning - simple,735,-2.7699999999999965
Q-Learning - simple,736,-24.180000000000042
Q-Learning - simple,737,-19.31000000000002
Q-Learning - simple,738,-20.43000000000005
Q-Learning - simple,739,-4.42999999999999
Q-Learning - simple,740,-4.189999999999996
Q-Learning - simple,741,-19.280000000000083
Q-Learning - simple,742,-5.749999999999997
Q-Learning - simple,743,-25.160000000000032
Q-Learning - simple,744,0.25
Q-Learning - simple,745,-21.94000000000002
Q-Learning - simple,746,-2.8099999999999983
Q-Learning - simple,747,-5.069999999999997
Q-Learning - simple,748,-13.589999999999986
Q-Learning - simple,749,-17.570000000000004
Q-Learning - simple,750,-3.8699999999999877
Q-Learning - simple,751,-5.429999999999998
Q-Learning - simple,752,-9.84999999999999
Q-Learning - simple,753,-20.560000000000045
Q-Learning - simple,754,-5.3299999999999965
Q-Learning - simple,755,-4.749999999999996
Q-Learning - simple,756,-23.040000000000056
Q-Learning - simple,757,-0.2500000000000002
Q-Learning - simple,758,-24.370000000000058
Q-Learning - simple,759,-21.530000000000044
Q-Learning - simple,760,-17.810000000000006
Q-Learning - simple,761,-22.79000000000005
Q-Learning - simple,762,-23.470000000000084
Q-Learning - simple,763,-24.740000000000055
Q-Learning - simple,764,-7.80999999999999
Q-Learning - simple,765,-9.52999999999999
Q-Learning - simple,766,-4.7899999999999965
Q-Learning - simple,767,-6.189999999999995
Q-Learning - simple,768,-4.489999999999997
Q-Learning - simple,769,-10.929999999999987
Q-Learning - simple,770,-4.809999999999998
Q-Learning - simple,771,-20.420000000000062
Q-Learning - simple,772,-20.069999999999993
Q-Learning - simple,773,-18.950000000000045
Q-Learning - simple,774,-27.750000000000117
Q-Learning - simple,775,-16.85999999999997
Q-Learning - simple,776,-17.12999999999998
Q-Learning - simple,777,-19.249999999999986
Q-Learning - simple,778,-17.29
Q-Learning - simple,779,-11.289999999999981
Q-Learning - simple,780,-22.60000000000007
Q-Learning - simple,781,-5.869999999999997
Q-Learning - simple,782,-16.329999999999984
Q-Learning - simple,783,-18.270000000000007
Q-Learning - simple,784,-3.389999999999999
Q-Learning - simple,785,-29.110000000000095
Q-Learning - simple,786,-21.32000000000003
Q-Learning - simple,787,-7.109999999999992
Q-Learning - simple,788,-8.869999999999981
Q-Learning - simple,789,-7.409999999999993
Q-Learning - simple,790,-4.529999999999995
Q-Learning - simple,791,-19.31000000000001
Q-Learning - simple,792,-10.969999999999976
Q-Learning - simple,793,-23.310000000000056
Q-Learning - simple,794,-15.709999999999983
Q-Learning - simple,795,-22.82000000000002
Q-Learning - simple,796,-24.290000000000042
Q-Learning - simple,797,-20.889999999999976
Q-Learning - simple,798,-13.289999999999967
Q-Learning - simple,799,-23.71000000000004
Q-Learning - simple,800,-20.070000000000046
Q-Learning - simple,801,-8.529999999999989
Q-Learning - simple,802,-28.81000000000005
Q-Learning - simple,803,-1.6499999999999977
Q-Learning - simple,804,-26.060000000000066
Q-Learning - simple,805,-25.30000000000005
Q-Learning - simple,806,-7.689999999999994
Q-Learning - simple,807,-21.490000000000062
Q-Learning - simple,808,-23.770000000000085
Q-Learning - simple,809,-13.239999999999966
Q-Learning - simple,810,0.1499999999999999
Q-Learning - simple,811,-2.1899999999999977
Q-Learning - simple,812,-6.189999999999994
Q-Learning - simple,813,-20.100000000000037
Q-Learning - simple,814,-21.150000000000016
Q-Learning - simple,815,-19.75000000000001
Q-Learning - simple,816,-12.769999999999985
Q-Learning - simple,817,-22.19000000000007
Q-Learning - simple,818,-12.769999999999987
Q-Learning - simple,819,-8.289999999999983
Q-Learning - simple,820,-1.9500000000000002
Q-Learning - simple,821,0.63
Q-Learning - simple,822,-21.560000000000034
Q-Learning - simple,823,-18.510000000000066
Q-Learning - simple,824,-15.249999999999996
Q-Learning - simple,825,-17.44999999999997
Q-Learning - simple,826,-18.08
Q-Learning - simple,827,-20.29000000000002
Q-Learning - simple,828,-19.170000000000037
Q-Learning - simple,829,-11.349999999999984
Q-Learning - simple,830,-23.31000000000004
Q-Learning - simple,831,-17.330000000000016
Q-Learning - simple,832,-22.000000000000043
Q-Learning - simple,833,-26.330000000000023
Q-Learning - simple,834,-6.609999999999996
Q-Learning - simple,835,-4.6499999999999995
Q-Learning - simple,836,-16.309999999999977
Q-Learning - simple,837,-6.029999999999987
Q-Learning - simple,838,-9.909999999999986
Q-Learning - simple,839,-9.62999999999999
Q-Learning - simple,840,-2.9099999999999993
Q-Learning - simple,841,-4.8699999999999966
Q-Learning - simple,842,-19.09000000000002
Q-Learning - simple,843,-3.9299999999999997
Q-Learning - simple,844,-3.8899999999999952
Q-Learning - simple,845,-19.520000000000024
Q-Learning - simple,846,-6.189999999999995
Q-Learning - simple,847,-6.489999999999995
Q-Learning - simple,848,-22.000000000000018
Q-Learning - simple,849,-21.37000000000006
Q-Learning - simple,850,-21.43000000000003
Q-Learning - simple,851,-11.949999999999976
Q-Learning - simple,852,-20.47000000000002
Q-Learning - simple,853,-21.43000000000006
Q-Learning - simple,854,-5.289999999999993
Q-Learning - simple,855,0.6499999999999999
Q-Learning - simple,856,-6.769999999999992
Q-Learning - simple,857,-24.78000000000008
Q-Learning - simple,858,-23.200000000000035
Q-Learning - simple,859,-2.549999999999998
Q-Learning - simple,860,-15.289999999999988
Q-Learning - simple,861,-0.43000000000000016
Q-Learning - simple,862,-10.06999999999998
Q-Learning - simple,863,-23.580000000000037
Q-Learning - simple,864,-4.549999999999999
Q-Learning - simple,865,-27.88000000000004
Q-Learning - simple,866,-20.72000000000003
Q-Learning - simple,867,-22.289999999999996
Q-Learning - simple,868,-23.66000000000004
Q-Learning - simple,869,-33.060000000000095
Q-Learning - simple,870,-20.330000000000002
Q-Learning - simple,871,-5.909999999999994
Q-Learning - simple,872,-20.070000000000068
Q-Learning - simple,873,-14.889999999999976
Q-Learning - simple,874,-5.0899999999999945
Q-Learning - simple,875,-6.549999999999998
Q-Learning - simple,876,-11.82999999999998
Q-Learning - simple,877,-5.9499999999999975
Q-Learning - simple,878,-22.680000000000053
Q-Learning - simple,879,-15.509999999999977
Q-Learning - simple,880,-5.389999999999994
Q-Learning - simple,881,-16.56999999999998
Q-Learning - simple,882,-17.429999999999982
Q-Learning - simple,883,-9.529999999999994
Q-Learning - simple,884,-17.969999999999988
Q-Learning - simple,885,-2.4899999999999993
Q-Learning - simple,886,-4.209999999999998
Q-Learning - simple,887,-8.989999999999993
Q-Learning - simple,888,-29.540000000000095
Q-Learning - simple,889,-12.789999999999981
Q-Learning - simple,890,-0.2300000000000002
Q-Learning - simple,891,-23.610000000000056
Q-Learning - simple,892,-9.089999999999984
Q-Learning - simple,893,-17.339999999999986
Q-Learning - simple,894,-19.820000000000007
Q-Learning - simple,895,-2.709999999999996
Q-Learning - simple,896,-15.469999999999995
Q-Learning - simple,897,-13.509999999999968
Q-Learning - simple,898,-19.04000000000001
Q-Learning - simple,899,-26.590000000000085
Q-Learning - simple,900,-14.129999999999974
Q-Learning - simple,901,-16.34999999999999
Q-Learning - simple,902,-1.9899999999999998
Q-Learning - simple,903,-15.249999999999979
Q-Learning - simple,904,-23.640000000000104
Q-Learning - simple,905,-14.589999999999984
Q-Learning - simple,906,-6.349999999999996
Q-Learning - simple,907,-5.249999999999991
Q-Learning - simple,908,-25.240000000000105
Q-Learning - simple,909,-19.12999999999998
Q-Learning - simple,910,-27.140000000000033
Q-Learning - simple,911,-22.62000000000006
Q-Learning - simple,912,-18.840000000000003
Q-Learning - simple,913,-23.190000000000033
Q-Learning - simple,914,-1.389999999999998
Q-Learning - simple,915,-21.51000000000005
Q-Learning - simple,916,-7.509999999999993
Q-Learning - simple,917,-19.799999999999986
Q-Learning - simple,918,-12.429999999999975
Q-Learning - simple,919,-7.589999999999991
Q-Learning - simple,920,-21.130000000000006
Q-Learning - simple,921,-22.710000000000004
Q-Learning - simple,922,-21.620000000000037
Q-Learning - simple,923,-18.710000000000015
Q-Learning - simple,924,-17.589999999999993
Q-Learning - simple,925,-10.669999999999993
Q-Learning - simple,926,-11.40999999999998
Q-Learning - simple,927,-25.030000000000058
Q-Learning - simple,928,-10.009999999999991
Q-Learning - simple,929,-27.720000000000077
Q-Learning - simple,930,-1.4100000000000001
Q-Learning - simple,931,-13.169999999999964
Q-Learning - simple,932,-15.429999999999968
Q-Learning - simple,933,-19.929999999999982
Q-Learning - simple,934,-10.269999999999984
Q-Learning - simple,935,-23.010000000000048
Q-Learning - simple,936,-15.769999999999964
Q-Learning - simple,937,-14.149999999999979
Q-Learning - simple,938,-24.400000000000023
Q-Learning - simple,939,-5.129999999999992
Q-Learning - simple,940,-11.389999999999977
Q-Learning - simple,941,-17.589999999999968
Q-Learning - simple,942,-14.569999999999975
Q-Learning - simple,943,-13.249999999999961
Q-Learning - simple,944,-19.210000000000015
Q-Learning - simple,945,-5.109999999999994
Q-Learning - simple,946,-21.650000000000013
Q-Learning - simple,947,-14.049999999999962
Q-Learning - simple,948,-24.370000000000058
Q-Learning - simple,949,-4.769999999999991
Q-Learning - simple,950,-23.880000000000052
Q-Learning - simple,951,-20.07000000000004
Q-Learning - simple,952,-18.650000000000034
Q-Learning - simple,953,-16.279999999999973
Q-Learning - simple,954,-10.049999999999988
Q-Learning - simple,955,-21.51000000000009
Q-Learning - simple,956,-13.869999999999981
Q-Learning - simple,957,-16.189999999999987
Q-Learning - simple,958,-9.029999999999994
Q-Learning - simple,959,-5.829999999999993
Q-Learning - simple,960,-20.830000000000044
Q-Learning - simple,961,-5.909999999999995
Q-Learning - simple,962,-0.15000000000000013
Q-Learning - simple,963,-10.029999999999985
Q-Learning - simple,964,-2.549999999999999
Q-Learning - simple,965,-9.789999999999985
Q-Learning - simple,966,-7.829999999999991
Q-Learning - simple,967,-20.529999999999994
Q-Learning - simple,968,-20.25000000000004
Q-Learning - simple,969,-11.009999999999986
Q-Learning - simple,970,-13.56999999999998
Q-Learning - simple,971,-21.11000000000002
Q-Learning - simple,972,-9.709999999999985
Q-Learning - simple,973,-9.28999999999999
Q-Learning - simple,974,-21.010000000000005
Q-Learning - simple,975,-22.930000000000078
Q-Learning - simple,976,-10.829999999999977
Q-Learning - simple,977,-5.82999999999999
Q-Learning - simple,978,-21.560000000000056
Q-Learning - simple,979,-12.969999999999983
Q-Learning - simple,980,-22.11000000000002
Q-Learning - simple,981,-12.54999999999999
Q-Learning - simple,982,-1.0700000000000003
Q-Learning - simple,983,-7.7699999999999925
Q-Learning - simple,984,-3.3699999999999974
Q-Learning - simple,985,-16.089999999999993
Q-Learning - simple,986,-9.889999999999988
Q-Learning - simple,987,-17.270000000000007
Q-Learning - simple,988,-4.789999999999996
Q-Learning - simple,989,-12.349999999999978
Q-Learning - simple,990,-12.629999999999987
Q-Learning - simple,991,-4.549999999999999
Q-Learning - simple,992,-3.0299999999999976
Q-Learning - simple,993,-5.289999999999995
Q-Learning - simple,994,-25.43000000000007
Q-Learning - simple,995,-2.3099999999999987
Q-Learning - simple,996,-5.089999999999991
Q-Learning - simple,997,-18.57000000000001
Q-Learning - simple,998,-17.649999999999995
Q-Learning - simple,999,-12.929999999999978
Q-Learning - medium,0,0.3699999999999999
Q-Learning - medium,1,-23.230000000000043
Q-Learning - medium,2,-23.280000000000033
Q-Learning - medium,3,-16.339999999999968
Q-Learning - medium,4,-19.01000000000005
Q-Learning - medium,5,-15.219999999999967
Q-Learning - medium,6,-15.929999999999968
Q-Learning - medium,7,-4.649999999999995
Q-Learning - medium,8,-13.669999999999979
Q-Learning - medium,9,-15.549999999999967
Q-Learning - medium,10,-12.46999999999996
Q-Learning - medium,11,-3.969999999999997
Q-Learning - medium,12,-19.820000000000025
Q-Learning - medium,13,-18.030000000000033
Q-Learning - medium,14,-16.33999999999998
Q-Learning - medium,15,-6.089999999999987
Q-Learning - medium,16,-20.890000000000104
Q-Learning - medium,17,-19.170000000000037
Q-Learning - medium,18,-14.319999999999963
Q-Learning - medium,19,-12.68999999999996
Q-Learning - medium,20,-17.669999999999987
Q-Learning - medium,21,-18.409999999999997
Q-Learning - medium,22,-13.049999999999969
Q-Learning - medium,23,-21.460000000000065
Q-Learning - medium,24,-1.4300000000000002
Q-Learning - medium,25,-15.769999999999964
Q-Learning - medium,26,-22.230000000000086
Q-Learning - medium,27,-13.50999999999996
Q-Learning - medium,28,-15.299999999999963
Q-Learning - medium,29,-20.480000000000043
Q-Learning - medium,30,-2.389999999999998
Q-Learning - medium,31,-5.509999999999994
Q-Learning - medium,32,-11.569999999999968
Q-Learning - medium,33,-14.449999999999974
Q-Learning - medium,34,-10.189999999999989
Q-Learning - medium,35,-17.970000000000024
Q-Learning - medium,36,-19.96000000000003
Q-Learning - medium,37,-18.080000000000005
Q-Learning - medium,38,-18.369999999999997
Q-Learning - medium,39,-9.129999999999981
Q-Learning - medium,40,-18.350000000000012
Q-Learning - medium,41,-17.669999999999973
Q-Learning - medium,42,-1.2099999999999973
Q-Learning - medium,43,-25.160000000000064
Q-Learning - medium,44,-14.109999999999971
Q-Learning - medium,45,-8.069999999999986
Q-Learning - medium,46,-2.109999999999996
Q-Learning - medium,47,-16.009999999999966
Q-Learning - medium,48,-20.78000000000002
Q-Learning - medium,49,-7.189999999999987
Q-Learning - medium,50,-15.169999999999966
Q-Learning - medium,51,-16.499999999999975
Q-Learning - medium,52,-11.449999999999973
Q-Learning - medium,53,-17.01000000000005
Q-Learning - medium,54,-12.189999999999968
Q-Learning - medium,55,-14.539999999999962
Q-Learning - medium,56,-21.02
Q-Learning - medium,57,-21.760000000000016
Q-Learning - medium,58,-5.629999999999991
Q-Learning - medium,59,-17.159999999999997
Q-Learning - medium,60,-15.97999999999996
Q-Learning - medium,61,-24.1500000000001
Q-Learning - medium,62,-12.609999999999962
Q-Learning - medium,63,-12.94999999999997
Q-Learning - medium,64,-24.100000000000094
Q-Learning - medium,65,-2.789999999999998
Q-Learning - medium,66,-17.589999999999975
Q-Learning - medium,67,-23.330000000000066
Q-Learning - medium,68,-3.0299999999999905
Q-Learning - medium,69,-10.549999999999986
Q-Learning - medium,70,-17.699999999999996
Q-Learning - medium,71,-20.39000000000007
Q-Learning - medium,72,-2.7899999999999947
Q-Learning - medium,73,-14.869999999999964
Q-Learning - medium,74,-22.79000000000003
Q-Learning - medium,75,-2.84999999999999
Q-Learning - medium,76,-22.870000000000037
Q-Learning - medium,77,-15.739999999999958
Q-Learning - medium,78,-12.089999999999963
Q-Learning - medium,79,-12.509999999999977
Q-Learning - medium,80,-17.04999999999998
Q-Learning - medium,81,-7.949999999999987
Q-Learning - medium,82,-15.209999999999972
Q-Learning - medium,83,-12.119999999999967
Q-Learning - medium,84,-23.290000000000063
Q-Learning - medium,85,-6.0299999999999905
Q-Learning - medium,86,-18.789999999999996
Q-Learning - medium,87,-20.75000000000007
Q-Learning - medium,88,-5.749999999999992
Q-Learning - medium,89,-10.049999999999972
Q-Learning - medium,90,-22.36000000000008
Q-Learning - medium,91,-19.17000000000002
Q-Learning - medium,92,-19.850000000000044
Q-Learning - medium,93,-14.699999999999964
Q-Learning - medium,94,-12.289999999999974
Q-Learning - medium,95,-10.749999999999982
Q-Learning - medium,96,-4.229999999999997
Q-Learning - medium,97,-20.830000000000013
Q-Learning - medium,98,-17.71000000000002
Q-Learning - medium,99,-26.850000000000108
Q-Learning - medium,100,-19.010000000000062
Q-Learning - medium,101,-4.609999999999991
Q-Learning - medium,102,-13.369999999999964
Q-Learning - medium,103,-2.9499999999999877
Q-Learning - medium,104,-17.30999999999999
Q-Learning - medium,105,-7.529999999999985
Q-Learning - medium,106,-18.759999999999994
Q-Learning - medium,107,-17.159999999999997
Q-Learning - medium,108,-12.279999999999971
Q-Learning - medium,109,-13.179999999999971
Q-Learning - medium,110,-11.989999999999972
Q-Learning - medium,111,-17.810000000000052
Q-Learning - medium,112,-15.249999999999968
Q-Learning - medium,113,-5.829999999999994
Q-Learning - medium,114,-16.08999999999998
Q-Learning - medium,115,-10.809999999999977
Q-Learning - medium,116,-21.05000000000008
Q-Learning - medium,117,-1.769999999999996
Q-Learning - medium,118,-16.069999999999965
Q-Learning - medium,119,-21.020000000000056
Q-Learning - medium,120,-14.969999999999969
Q-Learning - medium,121,-13.249999999999988
Q-Learning - medium,122,-6.489999999999978
Q-Learning - medium,123,-16.730000000000018
Q-Learning - medium,124,-17.999999999999986
Q-Learning - medium,125,-24.780000000000044
Q-Learning - medium,126,-17.749999999999975
Q-Learning - medium,127,-16.419999999999966
Q-Learning - medium,128,-19.249999999999986
Q-Learning - medium,129,-1.2499999999999991
Q-Learning - medium,130,-15.219999999999962
Q-Learning - medium,131,-12.639999999999967
Q-Learning - medium,132,-13.889999999999972
Q-Learning - medium,133,-16.559999999999974
Q-Learning - medium,134,-19.630000000000045
Q-Learning - medium,135,-18.00000000000004
Q-Learning - medium,136,-12.879999999999969
Q-Learning - medium,137,-15.059999999999961
Q-Learning - medium,138,-6.349999999999993
Q-Learning - medium,139,-20.310000000000016
Q-Learning - medium,140,-21.230000000000103
Q-Learning - medium,141,-11.89999999999997
Q-Learning - medium,142,-11.029999999999974
Q-Learning - medium,143,-8.549999999999981
Q-Learning - medium,144,-19.030000000000012
Q-Learning - medium,145,-20.259999999999994
Q-Learning - medium,146,-21.54000000000003
Q-Learning - medium,147,-16.749999999999982
Q-Learning - medium,148,-1.21
Q-Learning - medium,149,-15.299999999999958
Q-Learning - medium,150,-20.56000000000002
Q-Learning - medium,151,-9.589999999999986
Q-Learning - medium,152,-11.059999999999965
Q-Learning - medium,153,-18.54000000000001
Q-Learning - medium,154,-24.07000000000007
Q-Learning - medium,155,-18.839999999999986
Q-Learning - medium,156,-19.390000000000086
Q-Learning - medium,157,-14.109999999999976
Q-Learning - medium,158,-9.709999999999974
Q-Learning - medium,159,-21.210000000000033
Q-Learning - medium,160,-15.489999999999961
Q-Learning - medium,161,-7.209999999999983
Q-Learning - medium,162,-14.729999999999974
Q-Learning - medium,163,-16.609999999999985
Q-Learning - medium,164,-16.799999999999972
Q-Learning - medium,165,-21.97000000000005
Q-Learning - medium,166,-16.450000000000003
Q-Learning - medium,167,-1.6499999999999995
Q-Learning - medium,168,-19.96
Q-Learning - medium,169,-6.809999999999992
Q-Learning - medium,170,-4.109999999999991
Q-Learning - medium,171,-19.660000000000043
Q-Learning - medium,172,-12.169999999999968
Q-Learning - medium,173,-14.459999999999967
Q-Learning - medium,174,-16.25999999999998
Q-Learning - medium,175,-1.1699999999999973
Q-Learning - medium,176,-11.439999999999964
Q-Learning - medium,177,-17.509999999999994
Q-Learning - medium,178,-19.20000000000001
Q-Learning - medium,179,-16.990000000000013
Q-Learning - medium,180,-29.600000000000062
Q-Learning - medium,181,-19.44000000000001
Q-Learning - medium,182,-5.529999999999995
Q-Learning - medium,183,-18.029999999999983
Q-Learning - medium,184,-21.020000000000024
Q-Learning - medium,185,-26.63000000000007
Q-Learning - medium,186,-8.549999999999981
Q-Learning - medium,187,-6.5899999999999785
Q-Learning - medium,188,-24.75000000000005
Q-Learning - medium,189,-10.36999999999997
Q-Learning - medium,190,-2.5099999999999962
Q-Learning - medium,191,-14.159999999999972
Q-Learning - medium,192,-11.26999999999997
Q-Learning - medium,193,-8.689999999999984
Q-Learning - medium,194,-3.629999999999991
Q-Learning - medium,195,-18.110000000000035
Q-Learning - medium,196,-17.69999999999996
Q-Learning - medium,197,-16.580000000000013
Q-Learning - medium,198,-15.369999999999976
Q-Learning - medium,199,-19.580000000000048
Q-Learning - medium,200,-22.080000000000076
Q-Learning - medium,201,-17.049999999999986
Q-Learning - medium,202,-18.929999999999986
Q-Learning - medium,203,-14.52999999999996
Q-Learning - medium,204,-21.950000000000017
Q-Learning - medium,205,-12.00999999999998
Q-Learning - medium,206,-5.589999999999992
Q-Learning - medium,207,-17.460000000000015
Q-Learning - medium,208,-21.68000000000001
Q-Learning - medium,209,-18.650000000000013
Q-Learning - medium,210,-18.870000000000033
Q-Learning - medium,211,-11.209999999999978
Q-Learning - medium,212,-22.489999999999995
Q-Learning - medium,213,-8.729999999999983
Q-Learning - medium,214,-28.590000000000078
Q-Learning - medium,215,-16.50999999999999
Q-Learning - medium,216,-15.079999999999956
Q-Learning - medium,217,-11.709999999999972
Q-Learning - medium,218,-6.129999999999987
Q-Learning - medium,219,-7.5699999999999825
Q-Learning - medium,220,-7.349999999999987
Q-Learning - medium,221,-14.619999999999958
Q-Learning - medium,222,-22.820000000000125
Q-Learning - medium,223,-22.600000000000033
Q-Learning - medium,224,-23.710000000000104
Q-Learning - medium,225,-18.980000000000032
Q-Learning - medium,226,-18.379999999999974
Q-Learning - medium,227,-4.769999999999992
Q-Learning - medium,228,-20.010000000000016
Q-Learning - medium,229,-19.390000000000054
Q-Learning - medium,230,-13.08999999999998
Q-Learning - medium,231,-14.389999999999976
Q-Learning - medium,232,-9.789999999999978
Q-Learning - medium,233,-14.759999999999971
Q-Learning - medium,234,-9.90999999999997
Q-Learning - medium,235,-16.879999999999978
Q-Learning - medium,236,-9.069999999999979
Q-Learning - medium,237,-1.4899999999999998
Q-Learning - medium,238,-10.469999999999967
Q-Learning - medium,239,-3.5699999999999976
Q-Learning - medium,240,-4.409999999999994
Q-Learning - medium,241,-11.469999999999963
Q-Learning - medium,242,-4.3899999999999935
Q-Learning - medium,243,-3.749999999999991
Q-Learning - medium,244,-7.849999999999978
Q-Learning - medium,245,-16.43999999999998
Q-Learning - medium,246,-11.889999999999977
Q-Learning - medium,247,-14.379999999999967
Q-Learning - medium,248,-21.540000000000102
Q-Learning - medium,249,-8.509999999999982
Q-Learning - medium,250,-2.509999999999989
Q-Learning - medium,251,-19.819999999999997
Q-Learning - medium,252,-18.759999999999987
Q-Learning - medium,253,-2.8499999999999908
Q-Learning - medium,254,-19.169999999999973
Q-Learning - medium,255,-14.899999999999965
Q-Learning - medium,256,-13.469999999999978
Q-Learning - medium,257,-18.790000000000045
Q-Learning - medium,258,-17.969999999999974
Q-Learning - medium,259,-15.769999999999968
Q-Learning - medium,260,-11.12999999999998
Q-Learning - medium,261,-2.9699999999999918
Q-Learning - medium,262,-15.659999999999961
Q-Learning - medium,263,-20.150000000000045
Q-Learning - medium,264,-11.599999999999962
Q-Learning - medium,265,-17.429999999999996
Q-Learning - medium,266,-13.66999999999997
Q-Learning - medium,267,-6.269999999999984
Q-Learning - medium,268,-12.249999999999975
Q-Learning - medium,269,-17.919999999999998
Q-Learning - medium,270,-3.629999999999992
Q-Learning - medium,271,-20.580000000000005
Q-Learning - medium,272,-25.080000000000034
Q-Learning - medium,273,-14.459999999999956
Q-Learning - medium,274,-6.349999999999989
Q-Learning - medium,275,-29.08000000000011
Q-Learning - medium,276,-19.960000000000036
Q-Learning - medium,277,-16.149999999999977
Q-Learning - medium,278,-6.509999999999992
Q-Learning - medium,279,-22.60000000000005
Q-Learning - medium,280,-11.05999999999997
Q-Learning - medium,281,-11.469999999999972
Q-Learning - medium,282,-21.76000000000005
Q-Learning - medium,283,-17.970000000000006
Q-Learning - medium,284,-12.499999999999963
Q-Learning - medium,285,-18.90000000000006
Q-Learning - medium,286,-13.509999999999959
Q-Learning - medium,287,-3.6299999999999892
Q-Learning - medium,288,-13.509999999999971
Q-Learning - medium,289,-27.310000000000084
Q-Learning - medium,290,-7.049999999999988
Q-Learning - medium,291,-5.149999999999991
Q-Learning - medium,292,-21.700000000000017
Q-Learning - medium,293,-16.90999999999999
Q-Learning - medium,294,-17.559999999999977
Q-Learning - medium,295,-12.66999999999997
Q-Learning - medium,296,-14.189999999999978
Q-Learning - medium,297,-22.93000000000007
Q-Learning - medium,298,-19.090000000000007
Q-Learning - medium,299,-23.770000000000056
Q-Learning - medium,300,-15.979999999999963
Q-Learning - medium,301,-7.509999999999984
Q-Learning - medium,302,-21.3800000000001
Q-Learning - medium,303,-18.409999999999975
Q-Learning - medium,304,-17.590000000000046
Q-Learning - medium,305,-4.28999999999999
Q-Learning - medium,306,-15.709999999999969
Q-Learning - medium,307,-18.59999999999998
Q-Learning - medium,308,-22.820000000000068
Q-Learning - medium,309,-16.91000000000001
Q-Learning - medium,310,-15.73999999999997
Q-Learning - medium,311,-17.809999999999985
Q-Learning - medium,312,-16.309999999999974
Q-Learning - medium,313,-5.0499999999999945
Q-Learning - medium,314,-11.449999999999982
Q-Learning - medium,315,-23.770000000000056
Q-Learning - medium,316,-12.129999999999978
Q-Learning - medium,317,-13.809999999999967
Q-Learning - medium,318,-3.4899999999999913
Q-Learning - medium,319,-9.309999999999974
Q-Learning - medium,320,-19.200000000000017
Q-Learning - medium,321,-16.229999999999976
Q-Learning - medium,322,-6.069999999999991
Q-Learning - medium,323,-20.150000000000073
Q-Learning - medium,324,-15.95999999999997
Q-Learning - medium,325,-19.580000000000034
Q-Learning - medium,326,-5.16999999999999
Q-Learning - medium,327,-18.430000000000074
Q-Learning - medium,328,-2.549999999999991
Q-Learning - medium,329,-14.249999999999961
Q-Learning - medium,330,-20.640000000000008
Q-Learning - medium,331,-18.220000000000002
Q-Learning - medium,332,-11.249999999999972
Q-Learning - medium,333,-17.779999999999987
Q-Learning - medium,334,-15.899999999999958
Q-Learning - medium,335,-17.290000000000013
Q-Learning - medium,336,-19.69000000000003
Q-Learning - medium,337,-11.709999999999967
Q-Learning - medium,338,-23.09
Q-Learning - medium,339,-20.560000000000112
Q-Learning - medium,340,-5.509999999999994
Q-Learning - medium,341,-4.6699999999999955
Q-Learning - medium,342,-17.72999999999998
Q-Learning - medium,343,-21.73000000000001
Q-Learning - medium,344,-20.80000000000006
Q-Learning - medium,345,-4.049999999999995
Q-Learning - medium,346,-18.709999999999983
Q-Learning - medium,347,-16.149999999999974
Q-Learning - medium,348,-15.849999999999971
Q-Learning - medium,349,-19.690000000000005
Q-Learning - medium,350,-19.12000000000005
Q-Learning - medium,351,-9.309999999999972
Q-Learning - medium,352,-9.449999999999976
Q-Learning - medium,353,-4.569999999999993
Q-Learning - medium,354,-2.609999999999996
Q-Learning - medium,355,-16.810000000000002
Q-Learning - medium,356,-7.209999999999983
Q-Learning - medium,357,-4.009999999999991
Q-Learning - medium,358,-18.839999999999996
Q-Learning - medium,359,-6.389999999999991
Q-Learning - medium,360,-10.429999999999973
Q-Learning - medium,361,-22.44000000000005
Q-Learning - medium,362,-14.129999999999972
Q-Learning - medium,363,-11.249999999999961
Q-Learning - medium,364,-19.059999999999995
Q-Learning - medium,365,-20.830000000000044
Q-Learning - medium,366,-18.08000000000007
Q-Learning - medium,367,-7.729999999999984
Q-Learning - medium,368,-21.950000000000014
Q-Learning - medium,369,-18.270000000000056
Q-Learning - medium,370,-5.589999999999993
Q-Learning - medium,371,-15.669999999999984
Q-Learning - medium,372,-14.469999999999976
Q-Learning - medium,373,-13.48999999999998
Q-Learning - medium,374,-5.549999999999991
Q-Learning - medium,375,-1.6899999999999995
Q-Learning - medium,376,-2.829999999999991
Q-Learning - medium,377,-15.769999999999964
Q-Learning - medium,378,-22.030000000000012
Q-Learning - medium,379,-21.62000000000006
Q-Learning - medium,380,-13.919999999999963
Q-Learning - medium,381,-3.609999999999995
Q-Learning - medium,382,-17.809999999999977
Q-Learning - medium,383,-17.209999999999987
Q-Learning - medium,384,-19.280000000000012
Q-Learning - medium,385,-3.2699999999999845
Q-Learning - medium,386,-16.939999999999998
Q-Learning - medium,387,-12.589999999999982
Q-Learning - medium,388,-22.440000000000026
Q-Learning - medium,389,-13.369999999999976
Q-Learning - medium,390,-15.689999999999968
Q-Learning - medium,391,-17.459999999999987
Q-Learning - medium,392,-9.869999999999985
Q-Learning - medium,393,-29.950000000000102
Q-Learning - medium,394,-17.32000000000003
Q-Learning - medium,395,-27.390000000000082
Q-Learning - medium,396,-10.389999999999983
Q-Learning - medium,397,-21.130000000000035
Q-Learning - medium,398,-1.67
Q-Learning - medium,399,-13.709999999999978
Q-Learning - medium,400,-18.250000000000046
Q-Learning - medium,401,-12.529999999999964
Q-Learning - medium,402,-11.069999999999979
Q-Learning - medium,403,-15.129999999999967
Q-Learning - medium,404,-16.959999999999976
Q-Learning - medium,405,-23.880000000000077
Q-Learning - medium,406,-22.82000000000004
Q-Learning - medium,407,-23.200000000000014
Q-Learning - medium,408,-22.19000000000006
Q-Learning - medium,409,-17.07000000000002
Q-Learning - medium,410,-19.800000000000022
Q-Learning - medium,411,-25.08000000000009
Q-Learning - medium,412,-21.210000000000083
Q-Learning - medium,413,-17.950000000000006
Q-Learning - medium,414,-12.279999999999971
Q-Learning - medium,415,-9.349999999999987
Q-Learning - medium,416,-9.929999999999982
Q-Learning - medium,417,-20.500000000000036
Q-Learning - medium,418,-5.489999999999984
Q-Learning - medium,419,-16.719999999999995
Q-Learning - medium,420,-21.100000000000044
Q-Learning - medium,421,-14.979999999999963
Q-Learning - medium,422,-7.169999999999991
Q-Learning - medium,423,-18.71000000000002
Q-Learning - medium,424,-5.849999999999989
Q-Learning - medium,425,-9.779999999999964
Q-Learning - medium,426,-13.939999999999957
Q-Learning - medium,427,-15.969999999999995
Q-Learning - medium,428,-7.829999999999991
Q-Learning - medium,429,-15.249999999999964
Q-Learning - medium,430,-13.08999999999997
Q-Learning - medium,431,-12.689999999999962
Q-Learning - medium,432,-22.790000000000042
Q-Learning - medium,433,-13.52999999999998
Q-Learning - medium,434,-16.719999999999974
Q-Learning - medium,435,-18.18999999999998
Q-Learning - medium,436,-12.909999999999975
Q-Learning - medium,437,-12.309999999999969
Q-Learning - medium,438,-18.810000000000027
Q-Learning - medium,439,-15.73999999999996
Q-Learning - medium,440,-12.289999999999974
Q-Learning - medium,441,-22.600000000000033
Q-Learning - medium,442,-3.749999999999994
Q-Learning - medium,443,-13.889999999999965
Q-Learning - medium,444,-17.24000000000002
Q-Learning - medium,445,-25.650000000000084
Q-Learning - medium,446,-21.620000000000065
Q-Learning - medium,447,-16.449999999999967
Q-Learning - medium,448,-15.469999999999965
Q-Learning - medium,449,-22.930000000000067
Q-Learning - medium,450,-11.069999999999986
Q-Learning - medium,451,-15.73999999999996
Q-Learning - medium,452,-21.620000000000065
Q-Learning - medium,453,-4.989999999999997
Q-Learning - medium,454,-19.140000000000057
Q-Learning - medium,455,-20.95999999999998
Q-Learning - medium,456,-11.62999999999997
Q-Learning - medium,457,-13.989999999999974
Q-Learning - medium,458,-2.9699999999999966
Q-Learning - medium,459,-21.43000000000007
Q-Learning - medium,460,-22.27000000000002
Q-Learning - medium,461,-12.169999999999975
Q-Learning - medium,462,-5.029999999999991
Q-Learning - medium,463,-29.8100000000001
Q-Learning - medium,464,-21.890000000000025
Q-Learning - medium,465,-15.549999999999997
Q-Learning - medium,466,-18.819999999999997
Q-Learning - medium,467,-15.059999999999969
Q-Learning - medium,468,-14.75999999999997
Q-Learning - medium,469,-12.529999999999967
Q-Learning - medium,470,-14.789999999999974
Q-Learning - medium,471,-20.88000000000002
Q-Learning - medium,472,-11.75999999999996
Q-Learning - medium,473,-23.250000000000053
Q-Learning - medium,474,-20.86000000000001
Q-Learning - medium,475,-11.62999999999998
Q-Learning - medium,476,-17.619999999999973
Q-Learning - medium,477,-6.929999999999993
Q-Learning - medium,478,-18.080000000000034
Q-Learning - medium,479,-19.25000000000003
Q-Learning - medium,480,-8.569999999999975
Q-Learning - medium,481,-15.70999999999996
Q-Learning - medium,482,-14.429999999999975
Q-Learning - medium,483,-17.939999999999987
Q-Learning - medium,484,-19.139999999999983
Q-Learning - medium,485,-23.47000000000007
Q-Learning - medium,486,-13.029999999999971
Q-Learning - medium,487,-11.959999999999965
Q-Learning - medium,488,-23.50000000000007
Q-Learning - medium,489,-17.560000000000006
Q-Learning - medium,490,-1.8499999999999934
Q-Learning - medium,491,-12.879999999999963
Q-Learning - medium,492,-2.4699999999999953
Q-Learning - medium,493,-4.5699999999999905
Q-Learning - medium,494,-5.929999999999989
Q-Learning - medium,495,-13.669999999999966
Q-Learning - medium,496,-23.030000000000005
Q-Learning - medium,497,-6.109999999999995
Q-Learning - medium,498,-9.90999999999998
Q-Learning - medium,499,-12.14999999999997
Q-Learning - medium,500,-22.710000000000118
Q-Learning - medium,501,-20.149999999999995
Q-Learning - medium,502,-20.11000000000005
Q-Learning - medium,503,-19.989999999999984
Q-Learning - medium,504,-12.609999999999964
Q-Learning - medium,505,-15.27999999999996
Q-Learning - medium,506,-11.649999999999983
Q-Learning - medium,507,-25.460000000000075
Q-Learning - medium,508,-19.440000000000058
Q-Learning - medium,509,-20.42000000000003
Q-Learning - medium,510,-12.90999999999997
Q-Learning - medium,511,-18.980000000000008
Q-Learning - medium,512,-13.389999999999972
Q-Learning - medium,513,-10.729999999999967
Q-Learning - medium,514,-20.470000000000038
Q-Learning - medium,515,-17.669999999999987
Q-Learning - medium,516,-17.730000000000008
Q-Learning - medium,517,-18.189999999999998
Q-Learning - medium,518,-15.629999999999967
Q-Learning - medium,519,-24.02000000000007
Q-Learning - medium,520,-17.509999999999987
Q-Learning - medium,521,-12.309999999999963
Q-Learning - medium,522,-10.40999999999999
Q-Learning - medium,523,-15.149999999999967
Q-Learning - medium,524,-8.469999999999983
Q-Learning - medium,525,-18.97999999999999
Q-Learning - medium,526,-6.349999999999995
Q-Learning - medium,527,-6.189999999999986
Q-Learning - medium,528,-4.649999999999994
Q-Learning - medium,529,-12.929999999999975
Q-Learning - medium,530,-5.489999999999988
Q-Learning - medium,531,-13.889999999999958
Q-Learning - medium,532,-23.01000000000004
Q-Learning - medium,533,-3.71
Q-Learning - medium,534,-9.069999999999984
Q-Learning - medium,535,-14.349999999999962
Q-Learning - medium,536,-13.209999999999965
Q-Learning - medium,537,-17.780000000000012
Q-Learning - medium,538,-19.010000000000023
Q-Learning - medium,539,-7.069999999999988
Q-Learning - medium,540,-15.13999999999997
Q-Learning - medium,541,-17.77999999999999
Q-Learning - medium,542,-5.829999999999987
Q-Learning - medium,543,-4.5099999999999785
Q-Learning - medium,544,-15.549999999999976
Q-Learning - medium,545,-18.790000000000003
Q-Learning - medium,546,-12.659999999999963
Q-Learning - medium,547,-15.569999999999986
Q-Learning - medium,548,-15.229999999999968
Q-Learning - medium,549,-18.57000000000002
Q-Learning - medium,550,-10.919999999999959
Q-Learning - medium,551,-18.160000000000064
Q-Learning - medium,552,-17.019999999999975
Q-Learning - medium,553,-14.189999999999962
Q-Learning - medium,554,-3.09
Q-Learning - medium,555,-17.239999999999984
Q-Learning - medium,556,-19.009999999999994
Q-Learning - medium,557,-17.049999999999976
Q-Learning - medium,558,-11.769999999999975
Q-Learning - medium,559,-2.0699999999999963
Q-Learning - medium,560,-14.049999999999958
Q-Learning - medium,561,-5.329999999999989
Q-Learning - medium,562,-17.75000000000004
Q-Learning - medium,563,-9.909999999999991
Q-Learning - medium,564,-25.43000000000007
Q-Learning - medium,565,-15.769999999999966
Q-Learning - medium,566,-14.429999999999962
Q-Learning - medium,567,-19.930000000000025
Q-Learning - medium,568,-20.860000000000046
Q-Learning - medium,569,-20.36999999999999
Q-Learning - medium,570,-14.839999999999964
Q-Learning - medium,571,-14.10999999999998
Q-Learning - medium,572,-19.310000000000052
Q-Learning - medium,573,-17.069999999999986
Q-Learning - medium,574,-12.629999999999974
Q-Learning - medium,575,-11.029999999999978
Q-Learning - medium,576,-17.810000000000013
Q-Learning - medium,577,-23.52000000000007
Q-Learning - medium,578,-15.029999999999962
Q-Learning - medium,579,-16.989999999999974
Q-Learning - medium,580,-13.08999999999996
Q-Learning - medium,581,-12.74999999999998
Q-Learning - medium,582,-20.15000000000005
Q-Learning - medium,583,-12.669999999999973
Q-Learning - medium,584,-17.09999999999999
Q-Learning - medium,585,-19.80000000000005
Q-Learning - medium,586,-3.569999999999993
Q-Learning - medium,587,-4.689999999999988
Q-Learning - medium,588,-27.940000000000097
Q-Learning - medium,589,-19.170000000000016
Q-Learning - medium,590,-19.47000000000009
Q-Learning - medium,591,-21.020000000000053
Q-Learning - medium,592,-13.669999999999973
Q-Learning - medium,593,-13.589999999999979
Q-Learning - medium,594,-13.149999999999986
Q-Learning - medium,595,-14.999999999999954
Q-Learning - medium,596,-19.11999999999999
Q-Learning - medium,597,-15.299999999999969
Q-Learning - medium,598,-18.24000000000001
Q-Learning - medium,599,-14.079999999999972
Q-Learning - medium,600,-12.469999999999976
Q-Learning - medium,601,-16.14999999999999
Q-Learning - medium,602,-17.699999999999996
Q-Learning - medium,603,-22.170000000000062
Q-Learning - medium,604,-18.899999999999988
Q-Learning - medium,605,-11.659999999999966
Q-Learning - medium,606,-18.900000000000055
Q-Learning - medium,607,-20.090000000000025
Q-Learning - medium,608,-18.90000000000001
Q-Learning - medium,609,-16.579999999999963
Q-Learning - medium,610,-0.31000000000000005
Q-Learning - medium,611,-14.999999999999966
Q-Learning - medium,612,-17.969999999999974
Q-Learning - medium,613,-13.609999999999966
Q-Learning - medium,614,-11.029999999999974
Q-Learning - medium,615,-17.029999999999973
Q-Learning - medium,616,-2.429999999999996
Q-Learning - medium,617,-19.360000000000035
Q-Learning - medium,618,-21.46000000000003
Q-Learning - medium,619,-22.490000000000045
Q-Learning - medium,620,-17.129999999999974
Q-Learning - medium,621,-19.410000000000014
Q-Learning - medium,622,-15.769999999999964
Q-Learning - medium,623,-11.029999999999974
Q-Learning - medium,624,-13.289999999999981
Q-Learning - medium,625,-9.809999999999983
Q-Learning - medium,626,-14.10999999999996
Q-Learning - medium,627,-15.199999999999962
Q-Learning - medium,628,-5.089999999999988
Q-Learning - medium,629,-15.089999999999959
Q-Learning - medium,630,-17.859999999999992
Q-Learning - medium,631,-12.709999999999969
Q-Learning - medium,632,-8.769999999999984
Q-Learning - medium,633,-13.659999999999963
Q-Learning - medium,634,-12.169999999999968
Q-Learning - medium,635,-27.61000000000001
Q-Learning - medium,636,-23.210000000000104
Q-Learning - medium,637,-24.750000000000128
Q-Learning - medium,638,-7.64999999999999
Q-Learning - medium,639,-18.37999999999999
Q-Learning - medium,640,-5.849999999999994
Q-Learning - medium,641,-28.050000000000082
Q-Learning - medium,642,-29.680000000000135
Q-Learning - medium,643,-22.930000000000103
Q-Learning - medium,644,-28.130000000000095
Q-Learning - medium,645,-21.620000000000044
Q-Learning - medium,646,-12.209999999999976
Q-Learning - medium,647,-11.149999999999983
Q-Learning - medium,648,-9.569999999999988
Q-Learning - medium,649,-11.509999999999964
Q-Learning - medium,650,-2.7299999999999933
Q-Learning - medium,651,-27.750000000000085
Q-Learning - medium,652,-4.489999999999987
Q-Learning - medium,653,-27.630000000000074
Q-Learning - medium,654,-19.770000000000007
Q-Learning - medium,655,-16.38999999999998
Q-Learning - medium,656,-3.3299999999999974
Q-Learning - medium,657,-13.289999999999962
Q-Learning - medium,658,-22.330000000000013
Q-Learning - medium,659,-19.010000000000037
Q-Learning - medium,660,-14.759999999999959
Q-Learning - medium,661,-7.789999999999978
Q-Learning - medium,662,-20.07000000000003
Q-Learning - medium,663,-12.709999999999972
Q-Learning - medium,664,-7.769999999999985
Q-Learning - medium,665,-16.529999999999998
Q-Learning - medium,666,-18.299999999999983
Q-Learning - medium,667,-19.19999999999999
Q-Learning - medium,668,-10.18999999999997
Q-Learning - medium,669,-14.349999999999968
Q-Learning - medium,670,-4.849999999999986
Q-Learning - medium,671,-20.180000000000067
Q-Learning - medium,672,-16.609999999999964
Q-Learning - medium,673,-10.649999999999961
Q-Learning - medium,674,-5.329999999999986
Q-Learning - medium,675,-4.3299999999999885
Q-Learning - medium,676,-18.79000000000007
Q-Learning - medium,677,-19.69000000000003
Q-Learning - medium,678,-20.91000000000006
Q-Learning - medium,679,-21.91000000000002
Q-Learning - medium,680,-12.16999999999997
Q-Learning - medium,681,-17.670000000000034
Q-Learning - medium,682,-5.589999999999983
Q-Learning - medium,683,-19.670000000000037
Q-Learning - medium,684,-11.629999999999965
Q-Learning - medium,685,-24.81000000000005
Q-Learning - medium,686,-14.489999999999963
Q-Learning - medium,687,-11.109999999999978
Q-Learning - medium,688,-6.289999999999984
Q-Learning - medium,689,-13.62999999999998
Q-Learning - medium,690,-16.799999999999972
Q-Learning - medium,691,-15.629999999999967
Q-Learning - medium,692,-22.440000000000037
Q-Learning - medium,693,-13.209999999999965
Q-Learning - medium,694,-12.439999999999966
Q-Learning - medium,695,-21.13000000000001
Q-Learning - medium,696,-14.029999999999973
Q-Learning - medium,697,-13.589999999999968
Q-Learning - medium,698,-15.219999999999963
Q-Learning - medium,699,-22.49000000000001
Q-Learning - medium,700,-14.029999999999973
Q-Learning - medium,701,-20.420000000000105
Q-Learning - medium,702,-20.59000000000004
Q-Learning - medium,703,-22.280000000000015
Q-Learning - medium,704,-7.649999999999983
Q-Learning - medium,705,-10.169999999999975
Q-Learning - medium,706,-6.549999999999993
Q-Learning - medium,707,-17.020000000000014
Q-Learning - medium,708,-25.080000000000062
Q-Learning - medium,709,-20.560000000000016
Q-Learning - medium,710,-14.15999999999997
Q-Learning - medium,711,-19.010000000000016
Q-Learning - medium,712,-21.510000000000026
Q-Learning - medium,713,-19.550000000000065
Q-Learning - medium,714,-15.109999999999966
Q-Learning - medium,715,-13.429999999999964
Q-Learning - medium,716,-3.929999999999998
Q-Learning - medium,717,-10.649999999999988
Q-Learning - medium,718,-17.73000000000005
Q-Learning - medium,719,-9.009999999999986
Q-Learning - medium,720,-6.029999999999994
Q-Learning - medium,721,-16.310000000000006
Q-Learning - medium,722,-9.98999999999998
Q-Learning - medium,723,-14.26999999999997
Q-Learning - medium,724,-21.67000000000001
Q-Learning - medium,725,-26.820000000000114
Q-Learning - medium,726,-8.769999999999985
Q-Learning - medium,727,-19.120000000000022
Q-Learning - medium,728,-12.769999999999975
Q-Learning - medium,729,-15.879999999999962
Q-Learning - medium,730,-22.52000000000004
Q-Learning - medium,731,-23.990000000000105
Q-Learning - medium,732,-20.750000000000032
Q-Learning - medium,733,-20.4500000000001
Q-Learning - medium,734,-21.840000000000035
Q-Learning - medium,735,-12.309999999999961
Q-Learning - medium,736,-5.3699999999999894
Q-Learning - medium,737,-12.289999999999985
Q-Learning - medium,738,-17.47999999999998
Q-Learning - medium,739,-10.809999999999981
Q-Learning - medium,740,-7.509999999999982
Q-Learning - medium,741,-3.1099999999999923
Q-Learning - medium,742,-19.120000000000072
Q-Learning - medium,743,-15.459999999999953
Q-Learning - medium,744,-14.29999999999997
Q-Learning - medium,745,-12.969999999999976
Q-Learning - medium,746,-22.30000000000003
Q-Learning - medium,747,-16.04999999999997
Q-Learning - medium,748,-14.159999999999973
Q-Learning - medium,749,-14.379999999999962
Q-Learning - medium,750,-23.420000000000034
Q-Learning - medium,751,-13.44999999999996
Q-Learning - medium,752,-0.4500000000000002
Q-Learning - medium,753,-20.09000000000004
Q-Learning - medium,754,-9.909999999999979
Q-Learning - medium,755,-9.48999999999999
Q-Learning - medium,756,-14.569999999999965
Q-Learning - medium,757,-20.449999999999992
Q-Learning - medium,758,-11.369999999999987
Q-Learning - medium,759,-24.75000000000009
Q-Learning - medium,760,-19.55000000000004
Q-Learning - medium,761,-16.499999999999964
Q-Learning - medium,762,-17.510000000000023
Q-Learning - medium,763,-6.829999999999987
Q-Learning - medium,764,-21.65000000000008
Q-Learning - medium,765,-15.05999999999996
Q-Learning - medium,766,-2.2499999999999996
Q-Learning - medium,767,-19.390000000000036
Q-Learning - medium,768,-17.700000000000014
Q-Learning - medium,769,-11.58999999999997
Q-Learning - medium,770,-6.589999999999983
Q-Learning - medium,771,-22.710000000000075
Q-Learning - medium,772,-24.97000000000005
Q-Learning - medium,773,-15.62999999999996
Q-Learning - medium,774,-9.949999999999982
Q-Learning - medium,775,-25.02000000000006
Q-Learning - medium,776,-21.050000000000065
Q-Learning - medium,777,-8.62999999999999
Q-Learning - medium,778,-19.990000000000055
Q-Learning - medium,779,-8.029999999999985
Q-Learning - medium,780,-21.160000000000085
Q-Learning - medium,781,-21.920000000000037
Q-Learning - medium,782,-11.249999999999963
Q-Learning - medium,783,-19.77000000000005
Q-Learning - medium,784,-19.63000000000007
Q-Learning - medium,785,-8.82999999999997
Q-Learning - medium,786,-18.11000000000001
Q-Learning - medium,787,-18.189999999999998
Q-Learning - medium,788,-11.829999999999977
Q-Learning - medium,789,-16.96999999999998
Q-Learning - medium,790,-4.049999999999995
Q-Learning - medium,791,-19.88000000000003
Q-Learning - medium,792,-13.25999999999997
Q-Learning - medium,793,-17.58999999999998
Q-Learning - medium,794,-14.269999999999962
Q-Learning - medium,795,-12.689999999999968
Q-Learning - medium,796,-2.7299999999999924
Q-Learning - medium,797,-10.029999999999983
Q-Learning - medium,798,-15.569999999999979
Q-Learning - medium,799,-5.549999999999996
Q-Learning - medium,800,-26.330000000000094
Q-Learning - medium,801,-17.480000000000018
Q-Learning - medium,802,-16.17000000000003
Q-Learning - medium,803,-14.86999999999998
Q-Learning - medium,804,-16.27999999999998
Q-Learning - medium,805,-21.160000000000018
Q-Learning - medium,806,-6.689999999999991
Q-Learning - medium,807,-19.250000000000025
Q-Learning - medium,808,-11.409999999999979
Q-Learning - medium,809,-23.440000000000115
Q-Learning - medium,810,-15.359999999999967
Q-Learning - medium,811,-4.749999999999993
Q-Learning - medium,812,-14.989999999999968
Q-Learning - medium,813,-18.930000000000092
Q-Learning - medium,814,-13.26999999999997
Q-Learning - medium,815,-21.699999999999992
Q-Learning - medium,816,-14.56999999999996
Q-Learning - medium,817,-28.210000000000058
Q-Learning - medium,818,-18.030000000000072
Q-Learning - medium,819,-20.180000000000057
Q-Learning - medium,820,-19.28000000000007
Q-Learning - medium,821,-9.269999999999984
Q-Learning - medium,822,-26.74000000000007
Q-Learning - medium,823,-24.18000000000003
Q-Learning - medium,824,-21.95000000000003
Q-Learning - medium,825,-21.84000000000006
Q-Learning - medium,826,-11.549999999999976
Q-Learning - medium,827,-21.350000000000012
Q-Learning - medium,828,-16.09999999999998
Q-Learning - medium,829,-18.110000000000017
Q-Learning - medium,830,-15.789999999999967
Q-Learning - medium,831,-2.8499999999999956
Q-Learning - medium,832,-15.219999999999962
Q-Learning - medium,833,-13.559999999999969
Q-Learning - medium,834,-18.27000000000001
Q-Learning - medium,835,-16.669999999999995
Q-Learning - medium,836,-14.239999999999961
Q-Learning - medium,837,-16.799999999999972
Q-Learning - medium,838,-23.720000000000073
Q-Learning - medium,839,-18.53999999999997
Q-Learning - medium,840,-13.169999999999968
Q-Learning - medium,841,-11.599999999999964
Q-Learning - medium,842,-22.030000000000026
Q-Learning - medium,843,-18.170000000000034
Q-Learning - medium,844,-17.40000000000004
Q-Learning - medium,845,-27.010000000000076
Q-Learning - medium,846,-9.529999999999982
Q-Learning - medium,847,-21.62000000000001
Q-Learning - medium,848,-20.88000000000004
Q-Learning - medium,849,-18.95000000000003
Q-Learning - medium,850,-16.39
Q-Learning - medium,851,-12.589999999999964
Q-Learning - medium,852,-21.4
Q-Learning - medium,853,-18.600000000000055
Q-Learning - medium,854,-17.350000000000023
Q-Learning - medium,855,-23.170000000000048
Q-Learning - medium,856,-17.189999999999998
Q-Learning - medium,857,-21.95000000000002
Q-Learning - medium,858,-2.769999999999996
Q-Learning - medium,859,-13.029999999999973
Q-Learning - medium,860,-4.589999999999993
Q-Learning - medium,861,-22.470000000000038
Q-Learning - medium,862,-20.880000000000027
Q-Learning - medium,863,-16.479999999999972
Q-Learning - medium,864,-14.04999999999997
Q-Learning - medium,865,-22.820000000000064
Q-Learning - medium,866,-12.469999999999976
Q-Learning - medium,867,-16.369999999999962
Q-Learning - medium,868,-21.59000000000002
Q-Learning - medium,869,-8.549999999999976
Q-Learning - medium,870,-8.689999999999987
Q-Learning - medium,871,-24.590000000000042
Q-Learning - medium,872,-18.98000000000003
Q-Learning - medium,873,-16.560000000000016
Q-Learning - medium,874,-14.749999999999973
Q-Learning - medium,875,-21.59000000000002
Q-Learning - medium,876,-4.6299999999999955
Q-Learning - medium,877,-17.539999999999996
Q-Learning - medium,878,-22.57000000000008
Q-Learning - medium,879,-8.069999999999988
Q-Learning - medium,880,-13.829999999999968
Q-Learning - medium,881,-17.320000000000032
Q-Learning - medium,882,-17.509999999999966
Q-Learning - medium,883,-21.320000000000075
Q-Learning - medium,884,-25.760000000000062
Q-Learning - medium,885,-20.310000000000006
Q-Learning - medium,886,-14.669999999999972
Q-Learning - medium,887,-16.99000000000001
Q-Learning - medium,888,-14.079999999999965
Q-Learning - medium,889,-20.750000000000068
Q-Learning - medium,890,-18.600000000000062
Q-Learning - medium,891,-17.179999999999975
Q-Learning - medium,892,-11.889999999999985
Q-Learning - medium,893,-14.269999999999964
Q-Learning - medium,894,-18.820000000000004
Q-Learning - medium,895,-13.859999999999964
Q-Learning - medium,896,-18.19000000000001
Q-Learning - medium,897,-8.229999999999988
Q-Learning - medium,898,-22.110000000000035
Q-Learning - medium,899,-17.7
Q-Learning - medium,900,-19.280000000000044
Q-Learning - medium,901,-8.969999999999983
Q-Learning - medium,902,-18.52000000000001
Q-Learning - medium,903,-20.80000000000002
Q-Learning - medium,904,-17.81000000000001
Q-Learning - medium,905,-7.829999999999979
Q-Learning - medium,906,-26.490000000000038
Q-Learning - medium,907,-12.789999999999974
Q-Learning - medium,908,-20.640000000000008
Q-Learning - medium,909,-16.799999999999983
Q-Learning - medium,910,-6.089999999999989
Q-Learning - medium,911,-16.250000000000004
Q-Learning - medium,912,-20.450000000000074
Q-Learning - medium,913,-18.840000000000032
Q-Learning - medium,914,-14.839999999999957
Q-Learning - medium,915,-16.750000000000004
Q-Learning - medium,916,-7.969999999999986
Q-Learning - medium,917,-14.839999999999964
Q-Learning - medium,918,-15.569999999999979
Q-Learning - medium,919,-15.329999999999965
Q-Learning - medium,920,-11.62999999999998
Q-Learning - medium,921,-13.129999999999987
Q-Learning - medium,922,-19.440000000000047
Q-Learning - medium,923,-6.989999999999987
Q-Learning - medium,924,-15.409999999999966
Q-Learning - medium,925,-22.90000000000003
Q-Learning - medium,926,-12.169999999999966
Q-Learning - medium,927,-3.4299999999999935
Q-Learning - medium,928,-20.640000000000047
Q-Learning - medium,929,-12.209999999999981
Q-Learning - medium,930,-12.389999999999983
Q-Learning - medium,931,-18.569999999999997
Q-Learning - medium,932,-17.77999999999998
Q-Learning - medium,933,-8.289999999999983
Q-Learning - medium,934,-18.000000000000014
Q-Learning - medium,935,-0.75
Q-Learning - medium,936,-7.609999999999978
Q-Learning - medium,937,-10.869999999999978
Q-Learning - medium,938,-23.720000000000066
Q-Learning - medium,939,-15.649999999999977
Q-Learning - medium,940,-6.269999999999988
Q-Learning - medium,941,-14.37999999999996
Q-Learning - medium,942,-19.960000000000054
Q-Learning - medium,943,-12.419999999999963
Q-Learning - medium,944,-20.70000000000004
Q-Learning - medium,945,-13.779999999999962
Q-Learning - medium,946,-2.5899999999999985
Q-Learning - medium,947,-5.629999999999987
Q-Learning - medium,948,-15.139999999999958
Q-Learning - medium,949,-14.249999999999975
Q-Learning - medium,950,-4.489999999999993
Q-Learning - medium,951,-11.489999999999968
Q-Learning - medium,952,-22.930000000000106
Q-Learning - medium,953,-18.490000000000013
Q-Learning - medium,954,-19.010000000000048
Q-Learning - medium,955,-22.87
Q-Learning - medium,956,-19.740000000000002
Q-Learning - medium,957,-15.78999999999997
Q-Learning - medium,958,-23.720000000000052
Q-Learning - medium,959,-13.669999999999966
Q-Learning - medium,960,-14.89999999999997
Q-Learning - medium,961,-19.420000000000005
Q-Learning - medium,962,-13.209999999999962
Q-Learning - medium,963,-16.309999999999967
Q-Learning - medium,964,-7.809999999999992
Q-Learning - medium,965,-14.289999999999967
Q-Learning - medium,966,-18.380000000000027
Q-Learning - medium,967,-15.029999999999967
Q-Learning - medium,968,-12.089999999999968
Q-Learning - medium,969,-16.229999999999972
Q-Learning - medium,970,-20.150000000000073
Q-Learning - medium,971,-19.500000000000007
Q-Learning - medium,972,-14.019999999999953
Q-Learning - medium,973,-8.229999999999983
Q-Learning - medium,974,-18.63
Q-Learning - medium,975,-20.230000000000025
Q-Learning - medium,976,-20.560000000000024
Q-Learning - medium,977,-9.429999999999978
Q-Learning - medium,978,-4.209999999999995
Q-Learning - medium,979,-17.809999999999988
Q-Learning - medium,980,-13.50999999999998
Q-Learning - medium,981,-13.809999999999967
Q-Learning - medium,982,-16.559999999999977
Q-Learning - medium,983,-13.50999999999997
Q-Learning - medium,984,-15.769999999999971
Q-Learning - medium,985,-19.280000000000015
Q-Learning - medium,986,-15.689999999999964
Q-Learning - medium,987,-19.960000000000004
Q-Learning - medium,988,-11.609999999999973
Q-Learning - medium,989,-11.389999999999969
Q-Learning - medium,990,-18.350000000000023
Q-Learning - medium,991,-17.650000000000027
Q-Learning - medium,992,-23.340000000000106
Q-Learning - medium,993,-16.73000000000007
Q-Learning - medium,994,-18.350000000000033
Q-Learning - medium,995,-19.419999999999998
Q-Learning - medium,996,-19.770000000000035
Q-Learning - medium,997,-23.440000000000055
Q-Learning - medium,998,-19.17000000000006
Q-Learning - medium,999,-13.129999999999965
Q-Learning - complex,0,-7.409999999999973
Q-Learning - complex,1,-18.709999999999987
Q-Learning - complex,2,-11.279999999999967
Q-Learning - complex,3,-19.910000000000117
Q-Learning - complex,4,-13.509999999999962
Q-Learning - complex,5,-16.91
Q-Learning - complex,6,-21.05000000000005
Q-Learning - complex,7,-19.229999999999986
Q-Learning - complex,8,-6.649999999999964
Q-Learning - complex,9,-12.11999999999996
Q-Learning - complex,10,-13.99999999999997
Q-Learning - complex,11,-11.139999999999977
Q-Learning - complex,12,-10.429999999999962
Q-Learning - complex,13,-5.749999999999971
Q-Learning - complex,14,-12.60999999999996
Q-Learning - complex,15,-16.259999999999977
Q-Learning - complex,16,-5.289999999999967
Q-Learning - complex,17,-24.780000000000104
Q-Learning - complex,18,-18.030000000000065
Q-Learning - complex,19,-11.579999999999961
Q-Learning - complex,20,-8.949999999999973
Q-Learning - complex,21,-1.9500000000000002
Q-Learning - complex,22,-11.959999999999965
Q-Learning - complex,23,-6.979999999999965
Q-Learning - complex,24,-11.359999999999967
Q-Learning - complex,25,-15.089999999999964
Q-Learning - complex,26,-11.879999999999965
Q-Learning - complex,27,-17.56999999999998
Q-Learning - complex,28,-12.799999999999972
Q-Learning - complex,29,-15.499999999999964
Q-Learning - complex,30,-12.829999999999966
Q-Learning - complex,31,-10.809999999999969
Q-Learning - complex,32,-13.729999999999965
Q-Learning - complex,33,-17.840000000000014
Q-Learning - complex,34,-8.119999999999964
Q-Learning - complex,35,-15.79999999999997
Q-Learning - complex,36,-13.479999999999961
Q-Learning - complex,37,-12.82999999999997
Q-Learning - complex,38,-12.719999999999958
Q-Learning - complex,39,-15.16999999999996
Q-Learning - complex,40,-13.429999999999964
Q-Learning - complex,41,-6.149999999999979
Q-Learning - complex,42,-12.689999999999964
Q-Learning - complex,43,-16.77999999999997
Q-Learning - complex,44,-16.370000000000022
Q-Learning - complex,45,-4.429999999999991
Q-Learning - complex,46,-14.899999999999963
Q-Learning - complex,47,-14.29999999999996
Q-Learning - complex,48,-9.509999999999968
Q-Learning - complex,49,-7.659999999999962
Q-Learning - complex,50,-11.249999999999964
Q-Learning - complex,51,-11.769999999999964
Q-Learning - complex,52,-14.269999999999962
Q-Learning - complex,53,-15.249999999999963
Q-Learning - complex,54,-12.369999999999962
Q-Learning - complex,55,-11.769999999999966
Q-Learning - complex,56,-15.389999999999965
Q-Learning - complex,57,-14.519999999999962
Q-Learning - complex,58,-10.379999999999963
Q-Learning - complex,59,-12.169999999999977
Q-Learning - complex,60,-11.849999999999966
Q-Learning - complex,61,-7.869999999999976
Q-Learning - complex,62,-12.71999999999997
Q-Learning - complex,63,-11.24999999999997
Q-Learning - complex,64,-14.519999999999968
Q-Learning - complex,65,-13.729999999999963
Q-Learning - complex,66,-8.78999999999997
Q-Learning - complex,67,-10.669999999999984
Q-Learning - complex,68,-12.36999999999996
Q-Learning - complex,69,-21.080000000000066
Q-Learning - complex,70,-12.149999999999967
Q-Learning - complex,71,-7.249999999999963
Q-Learning - complex,72,-22.660000000000064
Q-Learning - complex,73,-22.33000000000007
Q-Learning - complex,74,-13.589999999999963
Q-Learning - complex,75,-15.359999999999966
Q-Learning - complex,76,-13.619999999999962
Q-Learning - complex,77,-8.639999999999963
Q-Learning - complex,78,-10.269999999999975
Q-Learning - complex,79,-10.679999999999964
Q-Learning - complex,80,-10.189999999999962
Q-Learning - complex,81,-14.219999999999967
Q-Learning - complex,82,-16.96999999999997
Q-Learning - complex,83,-19.119999999999994
Q-Learning - complex,84,-10.789999999999962
Q-Learning - complex,85,-9.289999999999967
Q-Learning - complex,86,-12.119999999999969
Q-Learning - complex,87,-13.259999999999964
Q-Learning - complex,88,-11.059999999999967
Q-Learning - complex,89,-17.159999999999982
Q-Learning - complex,90,-14.109999999999967
Q-Learning - complex,91,-12.289999999999976
Q-Learning - complex,92,-15.279999999999964
Q-Learning - complex,93,-13.699999999999964
Q-Learning - complex,94,-7.659999999999965
Q-Learning - complex,95,-13.049999999999972
Q-Learning - complex,96,-12.369999999999969
Q-Learning - complex,97,-15.419999999999972
Q-Learning - complex,98,-14.599999999999962
Q-Learning - complex,99,-15.199999999999966
Q-Learning - complex,100,-12.939999999999968
Q-Learning - complex,101,-14.649999999999967
Q-Learning - complex,102,-20.10000000000007
Q-Learning - complex,103,-10.079999999999972
Q-Learning - complex,104,-5.3999999999999755
Q-Learning - complex,105,-14.409999999999966
Q-Learning - complex,106,-12.909999999999968
Q-Learning - complex,107,-15.499999999999964
Q-Learning - complex,108,-9.72999999999997
Q-Learning - complex,109,-26.96000000000011
Q-Learning - complex,110,-10.789999999999964
Q-Learning - complex,111,-10.489999999999963
Q-Learning - complex,112,-15.359999999999971
Q-Learning - complex,113,-13.909999999999965
Q-Learning - complex,114,-9.889999999999967
Q-Learning - complex,115,-17.510000000000012
Q-Learning - complex,116,-10.599999999999962
Q-Learning - complex,117,-13.809999999999972
Q-Learning - complex,118,-10.269999999999968
Q-Learning - complex,119,-5.999999999999966
Q-Learning - complex,120,-14.139999999999969
Q-Learning - complex,121,-10.869999999999969
Q-Learning - complex,122,-20.890000000000136
Q-Learning - complex,123,-15.389999999999965
Q-Learning - complex,124,-25.050000000000075
Q-Learning - complex,125,-17.949999999999992
Q-Learning - complex,126,-7.769999999999963
Q-Learning - complex,127,-12.109999999999971
Q-Learning - complex,128,-9.999999999999964
Q-Learning - complex,129,-14.18999999999996
Q-Learning - complex,130,-15.27999999999997
Q-Learning - complex,131,-8.229999999999965
Q-Learning - complex,132,-20.020000000000064
Q-Learning - complex,133,-16.559999999999995
Q-Learning - complex,134,-13.839999999999968
Q-Learning - complex,135,-8.409999999999973
Q-Learning - complex,136,-17.239999999999988
Q-Learning - complex,137,-8.009999999999982
Q-Learning - complex,138,-13.159999999999972
Q-Learning - complex,139,-7.489999999999966
Q-Learning - complex,140,-6.7599999999999785
Q-Learning - complex,141,-8.279999999999964
Q-Learning - complex,142,-10.869999999999976
Q-Learning - complex,143,-11.249999999999968
Q-Learning - complex,144,-15.609999999999967
Q-Learning - complex,145,-11.579999999999963
Q-Learning - complex,146,-11.059999999999956
Q-Learning - complex,147,-11.65999999999996
Q-Learning - complex,148,-5.399999999999968
Q-Learning - complex,149,-13.649999999999967
Q-Learning - complex,150,-10.519999999999978
Q-Learning - complex,151,-14.329999999999965
Q-Learning - complex,152,-8.409999999999988
Q-Learning - complex,153,-5.209999999999991
Q-Learning - complex,154,-13.06999999999997
Q-Learning - complex,155,-13.429999999999964
Q-Learning - complex,156,-16.369999999999997
Q-Learning - complex,157,-16.36999999999997
Q-Learning - complex,158,-13.429999999999975
Q-Learning - complex,159,-14.379999999999965
Q-Learning - complex,160,-16.499999999999975
Q-Learning - complex,161,-11.059999999999963
Q-Learning - complex,162,-13.23999999999997
Q-Learning - complex,163,-15.27999999999996
Q-Learning - complex,164,-1.5099999999999962
Q-Learning - complex,165,-10.679999999999966
Q-Learning - complex,166,-16.069999999999972
Q-Learning - complex,167,-8.609999999999964
Q-Learning - complex,168,-15.499999999999963
Q-Learning - complex,169,-8.86999999999998
Q-Learning - complex,170,-6.37999999999997
Q-Learning - complex,171,-15.579999999999963
Q-Learning - complex,172,-18.060000000000002
Q-Learning - complex,173,-9.429999999999973
Q-Learning - complex,174,-13.889999999999963
Q-Learning - complex,175,-11.709999999999964
Q-Learning - complex,176,-4.499999999999972
Q-Learning - complex,177,-23.530000000000072
Q-Learning - complex,178,-18.36000000000002
Q-Learning - complex,179,-15.959999999999962
Q-Learning - complex,180,-2.1899999999999924
Q-Learning - complex,181,-23.42000000000006
Q-Learning - complex,182,-21.460000000000086
Q-Learning - complex,183,-17.45999999999997
Q-Learning - complex,184,-16.229999999999993
Q-Learning - complex,185,-6.129999999999968
Q-Learning - complex,186,-17.86999999999999
Q-Learning - complex,187,-14.029999999999967
Q-Learning - complex,188,-14.51999999999997
Q-Learning - complex,189,-12.749999999999963
Q-Learning - complex,190,-13.509999999999957
Q-Learning - complex,191,-10.979999999999963
Q-Learning - complex,192,-12.529999999999967
Q-Learning - complex,193,-16.639999999999976
Q-Learning - complex,194,-8.65999999999997
Q-Learning - complex,195,-13.539999999999964
Q-Learning - complex,196,-9.889999999999967
Q-Learning - complex,197,-10.709999999999967
Q-Learning - complex,198,-15.419999999999968
Q-Learning - complex,199,-16.449999999999967
Q-Learning - complex,200,-18.849999999999994
Q-Learning - complex,201,-14.219999999999969
Q-Learning - complex,202,-13.999999999999972
Q-Learning - complex,203,-16.969999999999967
Q-Learning - complex,204,-14.289999999999969
Q-Learning - complex,205,-12.199999999999973
Q-Learning - complex,206,-15.089999999999964
Q-Learning - complex,207,-15.689999999999964
Q-Learning - complex,208,-19.200000000000045
Q-Learning - complex,209,-8.039999999999974
Q-Learning - complex,210,-26.550000000000054
Q-Learning - complex,211,-11.219999999999958
Q-Learning - complex,212,-14.51999999999996
Q-Learning - complex,213,-12.82999999999996
Q-Learning - complex,214,-11.689999999999966
Q-Learning - complex,215,-14.079999999999966
Q-Learning - complex,216,-18.380000000000045
Q-Learning - complex,217,-11.029999999999974
Q-Learning - complex,218,-10.539999999999973
Q-Learning - complex,219,-16.09999999999997
Q-Learning - complex,220,-8.719999999999963
Q-Learning - complex,221,-18.06000000000006
Q-Learning - complex,222,-13.639999999999958
Q-Learning - complex,223,-29.630000000000116
Q-Learning - complex,224,-2.809999999999985
Q-Learning - complex,225,-12.14999999999996
Q-Learning - complex,226,-7.769999999999971
Q-Learning - complex,227,-5.289999999999977
Q-Learning - complex,228,-22.770000000000024
Q-Learning - complex,229,-20.29000000000011
Q-Learning - complex,230,-7.709999999999964
Q-Learning - complex,231,-18.11000000000006
Q-Learning - complex,232,-17.460000000000022
Q-Learning - complex,233,-12.94999999999998
Q-Learning - complex,234,-19.640000000000075
Q-Learning - complex,235,-13.809999999999965
Q-Learning - complex,236,-17.569999999999986
Q-Learning - complex,237,-12.749999999999973
Q-Learning - complex,238,-20.180000000000046
Q-Learning - complex,239,-11.43999999999996
Q-Learning - complex,240,-9.58999999999996
Q-Learning - complex,241,-14.029999999999964
Q-Learning - complex,242,-7.739999999999971
Q-Learning - complex,243,-23.530000000000033
Q-Learning - complex,244,-15.309999999999961
Q-Learning - complex,245,-11.38999999999996
Q-Learning - complex,246,-11.879999999999974
Q-Learning - complex,247,-7.819999999999965
Q-Learning - complex,248,-11.289999999999988
Q-Learning - complex,249,-7.549999999999964
Q-Learning - complex,250,-10.079999999999966
Q-Learning - complex,251,-14.789999999999967
Q-Learning - complex,252,-13.809999999999963
Q-Learning - complex,253,-13.699999999999957
Q-Learning - complex,254,-8.039999999999974
Q-Learning - complex,255,-12.989999999999972
Q-Learning - complex,256,-8.499999999999968
Q-Learning - complex,257,-12.339999999999966
Q-Learning - complex,258,-11.029999999999971
Q-Learning - complex,259,-13.399999999999961
Q-Learning - complex,260,-19.17
Q-Learning - complex,261,-11.089999999999966
Q-Learning - complex,262,-13.889999999999961
Q-Learning - complex,263,-14.899999999999975
Q-Learning - complex,264,-9.019999999999962
Q-Learning - complex,265,-11.139999999999961
Q-Learning - complex,266,-5.969999999999973
Q-Learning - complex,267,-15.169999999999968
Q-Learning - complex,268,-19.910000000000046
Q-Learning - complex,269,-12.149999999999965
Q-Learning - complex,270,-6.379999999999963
Q-Learning - complex,271,-16.86000000000005
Q-Learning - complex,272,-13.129999999999962
Q-Learning - complex,273,-10.079999999999979
Q-Learning - complex,274,-14.189999999999964
Q-Learning - complex,275,-14.979999999999963
Q-Learning - complex,276,-15.279999999999962
Q-Learning - complex,277,-13.509999999999966
Q-Learning - complex,278,-15.609999999999966
Q-Learning - complex,279,-6.9499999999999735
Q-Learning - complex,280,-15.769999999999964
Q-Learning - complex,281,-18.979999999999983
Q-Learning - complex,282,-14.409999999999968
Q-Learning - complex,283,-11.959999999999967
Q-Learning - complex,284,-17.56999999999997
Q-Learning - complex,285,-22.17000000000006
Q-Learning - complex,286,-16.85999999999998
Q-Learning - complex,287,-11.659999999999963
Q-Learning - complex,288,-12.14999999999996
Q-Learning - complex,289,-20.810000000000095
Q-Learning - complex,290,-12.579999999999954
Q-Learning - complex,291,-18.330000000000002
Q-Learning - complex,292,-9.129999999999962
Q-Learning - complex,293,-8.799999999999965
Q-Learning - complex,294,-12.829999999999972
Q-Learning - complex,295,-8.309999999999976
Q-Learning - complex,296,-11.059999999999972
Q-Learning - complex,297,-14.37999999999996
Q-Learning - complex,298,-15.499999999999964
Q-Learning - complex,299,-6.489999999999968
Q-Learning - complex,300,-19.419999999999973
Q-Learning - complex,301,-11.739999999999961
Q-Learning - complex,302,-21.38000000000002
Q-Learning - complex,303,-7.739999999999967
Q-Learning - complex,304,-7.899999999999966
Q-Learning - complex,305,-2.34999999999999
Q-Learning - complex,306,-10.61999999999996
Q-Learning - complex,307,-11.549999999999969
Q-Learning - complex,308,-11.089999999999964
Q-Learning - complex,309,-12.229999999999963
Q-Learning - complex,310,-12.939999999999964
Q-Learning - complex,311,-4.7699999999999845
Q-Learning - complex,312,-13.759999999999964
Q-Learning - complex,313,-5.469999999999983
Q-Learning - complex,314,-11.469999999999962
Q-Learning - complex,315,-17.540000000000067
Q-Learning - complex,316,-16.309999999999967
Q-Learning - complex,317,-14.18999999999996
Q-Learning - complex,318,-1.5899999999999994
Q-Learning - complex,319,-9.809999999999969
Q-Learning - complex,320,-16.97000000000002
Q-Learning - complex,321,-6.839999999999966
Q-Learning - complex,322,-21.54000000000002
Q-Learning - complex,323,-2.8499999999999988
Q-Learning - complex,324,-8.909999999999973
Q-Learning - complex,325,-10.299999999999967
Q-Learning - complex,326,-12.939999999999962
Q-Learning - complex,327,-5.729999999999977
Q-Learning - complex,328,-14.68999999999997
Q-Learning - complex,329,-17.540000000000028
Q-Learning - complex,330,-11.959999999999962
Q-Learning - complex,331,-5.699999999999964
Q-Learning - complex,332,-11.769999999999975
Q-Learning - complex,333,-15.989999999999961
Q-Learning - complex,334,-17.350000000000033
Q-Learning - complex,335,-11.389999999999965
Q-Learning - complex,336,-5.859999999999981
Q-Learning - complex,337,-19.310000000000034
Q-Learning - complex,338,-16.830000000000016
Q-Learning - complex,339,-12.829999999999966
Q-Learning - complex,340,-12.339999999999966
Q-Learning - complex,341,-15.609999999999964
Q-Learning - complex,342,-15.389999999999965
Q-Learning - complex,343,-12.609999999999966
Q-Learning - complex,344,-8.769999999999971
Q-Learning - complex,345,-10.209999999999981
Q-Learning - complex,346,-18.22000000000008
Q-Learning - complex,347,-14.269999999999964
Q-Learning - complex,348,-12.859999999999964
Q-Learning - complex,349,-21.710000000000047
Q-Learning - complex,350,-10.619999999999962
Q-Learning - complex,351,-16.86000000000003
Q-Learning - complex,352,-20.700000000000077
Q-Learning - complex,353,-6.6099999999999755
Q-Learning - complex,354,-15.499999999999963
Q-Learning - complex,355,-6.949999999999964
Q-Learning - complex,356,-8.909999999999963
Q-Learning - complex,357,-9.779999999999967
Q-Learning - complex,358,-14.67999999999996
Q-Learning - complex,359,-13.44999999999997
Q-Learning - complex,360,-11.54999999999996
Q-Learning - complex,361,-12.259999999999966
Q-Learning - complex,362,-15.989999999999966
Q-Learning - complex,363,-14.249999999999963
Q-Learning - complex,364,-9.88999999999996
Q-Learning - complex,365,-12.449999999999967
Q-Learning - complex,366,-15.119999999999964
Q-Learning - complex,367,-13.239999999999968
Q-Learning - complex,368,-6.789999999999983
Q-Learning - complex,369,-6.369999999999989
Q-Learning - complex,370,-14.709999999999964
Q-Learning - complex,371,-9.239999999999968
Q-Learning - complex,372,-21.300000000000036
Q-Learning - complex,373,-11.389999999999963
Q-Learning - complex,374,-15.889999999999997
Q-Learning - complex,375,-14.599999999999962
Q-Learning - complex,376,-20.40000000000007
Q-Learning - complex,377,-10.409999999999963
Q-Learning - complex,378,-9.69999999999996
Q-Learning - complex,379,-15.609999999999966
Q-Learning - complex,380,-9.47999999999997
Q-Learning - complex,381,-13.93999999999996
Q-Learning - complex,382,-23.530000000000047
Q-Learning - complex,383,-9.699999999999967
Q-Learning - complex,384,-7.739999999999966
Q-Learning - complex,385,-15.719999999999965
Q-Learning - complex,386,-14.109999999999967
Q-Learning - complex,387,-14.819999999999963
Q-Learning - complex,388,-16.750000000000004
Q-Learning - complex,389,-16.559999999999977
Q-Learning - complex,390,-9.509999999999964
Q-Learning - complex,391,-16.479999999999976
Q-Learning - complex,392,-16.069999999999983
Q-Learning - complex,393,-23.340000000000074
Q-Learning - complex,394,-6.159999999999971
Q-Learning - complex,395,-15.16999999999996
Q-Learning - complex,396,-14.709999999999962
Q-Learning - complex,397,-14.709999999999962
Q-Learning - complex,398,-7.869999999999973
Q-Learning - complex,399,-11.169999999999964
Q-Learning - complex,400,-18.52000000000002
Q-Learning - complex,401,-13.919999999999966
Q-Learning - complex,402,-20.669999999999995
Q-Learning - complex,403,-27.34000000000006
Q-Learning - complex,404,-13.349999999999973
Q-Learning - complex,405,-19.110000000000035
Q-Learning - complex,406,-15.579999999999961
Q-Learning - complex,407,-13.429999999999966
Q-Learning - complex,408,-11.739999999999961
Q-Learning - complex,409,-10.949999999999964
Q-Learning - complex,410,-8.529999999999967
Q-Learning - complex,411,-10.70999999999996
Q-Learning - complex,412,-9.369999999999962
Q-Learning - complex,413,-21.11000000000003
Q-Learning - complex,414,-17.380000000000038
Q-Learning - complex,415,-12.829999999999963
Q-Learning - complex,416,-13.049999999999962
Q-Learning - complex,417,-14.679999999999959
Q-Learning - complex,418,-3.929999999999977
Q-Learning - complex,419,-10.679999999999971
Q-Learning - complex,420,-20.480000000000135
Q-Learning - complex,421,-8.009999999999968
Q-Learning - complex,422,-12.829999999999968
Q-Learning - complex,423,-4.029999999999987
Q-Learning - complex,424,-6.809999999999974
Q-Learning - complex,425,-18.630000000000056
Q-Learning - complex,426,-16.939999999999984
Q-Learning - complex,427,-12.669999999999968
Q-Learning - complex,428,-13.839999999999964
Q-Learning - complex,429,-15.81999999999996
Q-Learning - complex,430,-10.239999999999963
Q-Learning - complex,431,-20.020000000000124
Q-Learning - complex,432,-17.64999999999999
Q-Learning - complex,433,-8.639999999999969
Q-Learning - complex,434,-8.969999999999978
Q-Learning - complex,435,-14.56999999999997
Q-Learning - complex,436,-13.58999999999997
Q-Learning - complex,437,-17.65000000000003
Q-Learning - complex,438,-14.439999999999962
Q-Learning - complex,439,-20.050000000000026
Q-Learning - complex,440,-15.579999999999965
Q-Learning - complex,441,-9.509999999999968
Q-Learning - complex,442,-15.199999999999964
Q-Learning - complex,443,-10.789999999999965
Q-Learning - complex,444,-13.539999999999964
Q-Learning - complex,445,-15.08999999999997
Q-Learning - complex,446,-12.009999999999964
Q-Learning - complex,447,-22.110000000000138
Q-Learning - complex,448,-5.889999999999961
Q-Learning - complex,449,-15.119999999999964
Q-Learning - complex,450,-23.260000000000055
Q-Learning - complex,451,-9.019999999999966
Q-Learning - complex,452,-12.33999999999996
Q-Learning - complex,453,-9.99999999999997
Q-Learning - complex,454,-19.420000000000062
Q-Learning - complex,455,-13.999999999999972
Q-Learning - complex,456,-6.679999999999965
Q-Learning - complex,457,-11.279999999999962
Q-Learning - complex,458,-5.969999999999971
Q-Learning - complex,459,-15.309999999999963
Q-Learning - complex,460,-12.829999999999966
Q-Learning - complex,461,-7.469999999999985
Q-Learning - complex,462,-8.169999999999975
Q-Learning - complex,463,-19.530000000000065
Q-Learning - complex,464,-13.969999999999962
Q-Learning - complex,465,-9.999999999999972
Q-Learning - complex,466,-19.23000000000006
Q-Learning - complex,467,-15.169999999999964
Q-Learning - complex,468,-8.609999999999964
Q-Learning - complex,469,-20.780000000000015
Q-Learning - complex,470,-13.619999999999965
Q-Learning - complex,471,-16.96999999999997
Q-Learning - complex,472,-15.469999999999958
Q-Learning - complex,473,-7.409999999999975
Q-Learning - complex,474,-14.819999999999975
Q-Learning - complex,475,-5.6699999999999635
Q-Learning - complex,476,-11.76999999999997
Q-Learning - complex,477,-15.689999999999976
Q-Learning - complex,478,-15.499999999999966
Q-Learning - complex,479,-8.309999999999965
Q-Learning - complex,480,-9.80999999999997
Q-Learning - complex,481,-13.72999999999997
Q-Learning - complex,482,-15.119999999999967
Q-Learning - complex,483,-11.279999999999959
Q-Learning - complex,484,-10.379999999999963
Q-Learning - complex,485,-18.110000000000007
Q-Learning - complex,486,-12.749999999999966
Q-Learning - complex,487,-11.579999999999968
Q-Learning - complex,488,-8.069999999999967
Q-Learning - complex,489,-9.10999999999997
Q-Learning - complex,490,-6.789999999999967
Q-Learning - complex,491,-14.89999999999996
Q-Learning - complex,492,-7.629999999999969
Q-Learning - complex,493,-12.149999999999965
Q-Learning - complex,494,-22.06000000000004
Q-Learning - complex,495,-11.32999999999998
Q-Learning - complex,496,-18.00000000000001
Q-Learning - complex,497,-10.709999999999965
Q-Learning - complex,498,-13.69999999999996
Q-Learning - complex,499,-9.969999999999962
Q-Learning - complex,500,-17.83999999999998
Q-Learning - complex,501,-9.099999999999966
Q-Learning - complex,502,-10.869999999999978
Q-Learning - complex,503,-10.219999999999962
Q-Learning - complex,504,-8.63999999999997
Q-Learning - complex,505,-8.529999999999971
Q-Learning - complex,506,-13.839999999999968
Q-Learning - complex,507,-12.859999999999964
Q-Learning - complex,508,-9.049999999999962
Q-Learning - complex,509,-9.129999999999969
Q-Learning - complex,510,-13.049999999999963
Q-Learning - complex,511,-6.789999999999972
Q-Learning - complex,512,-12.989999999999966
Q-Learning - complex,513,-11.359999999999971
Q-Learning - complex,514,-19.42000000000005
Q-Learning - complex,515,-16.890000000000022
Q-Learning - complex,516,-8.11999999999997
Q-Learning - complex,517,-3.4299999999999873
Q-Learning - complex,518,-8.119999999999983
Q-Learning - complex,519,-5.809999999999981
Q-Learning - complex,520,-11.769999999999964
Q-Learning - complex,521,-13.099999999999962
Q-Learning - complex,522,-17.949999999999996
Q-Learning - complex,523,-21.080000000000027
Q-Learning - complex,524,-8.289999999999992
Q-Learning - complex,525,-13.729999999999968
Q-Learning - complex,526,-14.029999999999964
Q-Learning - complex,527,-10.619999999999967
Q-Learning - complex,528,-9.619999999999965
Q-Learning - complex,529,-9.80999999999996
Q-Learning - complex,530,-6.729999999999968
Q-Learning - complex,531,-13.619999999999964
Q-Learning - complex,532,-11.389999999999967
Q-Learning - complex,533,-17.540000000000056
Q-Learning - complex,534,-11.46999999999996
Q-Learning - complex,535,-11.959999999999962
Q-Learning - complex,536,-6.349999999999972
Q-Learning - complex,537,-13.429999999999973
Q-Learning - complex,538,-9.129999999999962
Q-Learning - complex,539,-13.239999999999961
Q-Learning - complex,540,-11.65999999999996
Q-Learning - complex,541,-11.489999999999956
Q-Learning - complex,542,-8.169999999999972
Q-Learning - complex,543,-6.209999999999973
Q-Learning - complex,544,-5.749999999999971
Q-Learning - complex,545,-15.989999999999972
Q-Learning - complex,546,-16.749999999999993
Q-Learning - complex,547,-13.88999999999996
Q-Learning - complex,548,-10.789999999999958
Q-Learning - complex,549,-3.3099999999999916
Q-Learning - complex,550,-9.589999999999963
Q-Learning - complex,551,-11.65999999999997
Q-Learning - complex,552,-23.150000000000013
Q-Learning - complex,553,-17.18999999999998
Q-Learning - complex,554,-10.469999999999965
Q-Learning - complex,555,-13.04999999999997
Q-Learning - complex,556,-18.139999999999983
Q-Learning - complex,557,-12.529999999999967
Q-Learning - complex,558,-13.319999999999965
Q-Learning - complex,559,-12.479999999999965
Q-Learning - complex,560,-8.41999999999997
Q-Learning - complex,561,-12.069999999999961
Q-Learning - complex,562,-10.679999999999962
Q-Learning - complex,563,-10.949999999999967
Q-Learning - complex,564,-14.329999999999963
Q-Learning - complex,565,-23.53000000000011
Q-Learning - complex,566,-13.64999999999997
Q-Learning - complex,567,-20.670000000000005
Q-Learning - complex,568,-18.29999999999997
Q-Learning - complex,569,-15.27999999999996
Q-Learning - complex,570,-17.019999999999964
Q-Learning - complex,571,-10.079999999999963
Q-Learning - complex,572,-7.739999999999964
Q-Learning - complex,573,-16.069999999999965
Q-Learning - complex,574,-17.810000000000034
Q-Learning - complex,575,-12.859999999999966
Q-Learning - complex,576,-7.029999999999971
Q-Learning - complex,577,-14.409999999999961
Q-Learning - complex,578,-11.199999999999964
Q-Learning - complex,579,-9.179999999999968
Q-Learning - complex,580,-15.199999999999964
Q-Learning - complex,581,-10.729999999999968
Q-Learning - complex,582,-10.979999999999961
Q-Learning - complex,583,-11.739999999999963
Q-Learning - complex,584,-16.889999999999976
Q-Learning - complex,585,-14.189999999999968
Q-Learning - complex,586,-25.000000000000085
Q-Learning - complex,587,-9.919999999999977
Q-Learning - complex,588,-12.419999999999963
Q-Learning - complex,589,-11.799999999999976
Q-Learning - complex,590,-8.68999999999998
Q-Learning - complex,591,-15.389999999999967
Q-Learning - complex,592,-10.949999999999962
Q-Learning - complex,593,-6.069999999999982
Q-Learning - complex,594,-10.899999999999961
Q-Learning - complex,595,-13.239999999999968
Q-Learning - complex,596,-8.229999999999965
Q-Learning - complex,597,-18.85
Q-Learning - complex,598,-7.849999999999967
Q-Learning - complex,599,-12.909999999999966
Q-Learning - complex,600,-9.779999999999973
Q-Learning - complex,601,-7.169999999999972
Q-Learning - complex,602,-5.829999999999975
Q-Learning - complex,603,-15.169999999999959
Q-Learning - complex,604,-6.839999999999967
Q-Learning - complex,605,-18.520000000000053
Q-Learning - complex,606,-10.299999999999967
Q-Learning - complex,607,-6.569999999999964
Q-Learning - complex,608,-6.749999999999989
Q-Learning - complex,609,-12.939999999999973
Q-Learning - complex,610,-12.229999999999961
Q-Learning - complex,611,-17.429999999999968
Q-Learning - complex,612,-12.229999999999961
Q-Learning - complex,613,-12.749999999999963
Q-Learning - complex,614,-6.049999999999985
Q-Learning - complex,615,-11.549999999999974
Q-Learning - complex,616,-5.049999999999989
Q-Learning - complex,617,-13.349999999999962
Q-Learning - complex,618,-20.179999999999986
Q-Learning - complex,619,-7.51999999999997
Q-Learning - complex,620,-9.589999999999966
Q-Learning - complex,621,-17.320000000000025
Q-Learning - complex,622,-14.109999999999962
Q-Learning - complex,623,-11.439999999999959
Q-Learning - complex,624,-18.6300000000001
Q-Learning - complex,625,-15.05999999999996
Q-Learning - complex,626,-11.249999999999973
Q-Learning - complex,627,-8.939999999999964
Q-Learning - complex,628,-12.25999999999996
Q-Learning - complex,629,-9.779999999999966
Q-Learning - complex,630,-11.57999999999997
Q-Learning - complex,631,-16.179999999999993
Q-Learning - complex,632,-9.099999999999962
Q-Learning - complex,633,-14.409999999999963
Q-Learning - complex,634,-10.219999999999963
Q-Learning - complex,635,-19.499999999999986
Q-Learning - complex,636,-21.080000000000037
Q-Learning - complex,637,-8.749999999999964
Q-Learning - complex,638,-8.629999999999981
Q-Learning - complex,639,-12.579999999999957
Q-Learning - complex,640,-17.650000000000023
Q-Learning - complex,641,-9.749999999999964
Q-Learning - complex,642,-14.599999999999962
Q-Learning - complex,643,-9.919999999999964
Q-Learning - complex,644,-18.629999999999978
Q-Learning - complex,645,-16.67000000000001
Q-Learning - complex,646,-16.939999999999984
Q-Learning - complex,647,-8.64999999999998
Q-Learning - complex,648,-6.4899999999999665
Q-Learning - complex,649,-13.72999999999996
Q-Learning - complex,650,-13.129999999999969
Q-Learning - complex,651,-9.609999999999978
Q-Learning - complex,652,-14.219999999999962
Q-Learning - complex,653,-9.88999999999996
Q-Learning - complex,654,-13.049999999999967
Q-Learning - complex,655,-19.089999999999996
Q-Learning - complex,656,-11.739999999999965
Q-Learning - complex,657,-8.039999999999964
Q-Learning - complex,658,-15.659999999999966
Q-Learning - complex,659,-9.019999999999971
Q-Learning - complex,660,-8.909999999999966
Q-Learning - complex,661,-21.870000000000104
Q-Learning - complex,662,-11.769999999999971
Q-Learning - complex,663,-11.349999999999966
Q-Learning - complex,664,-8.259999999999966
Q-Learning - complex,665,-12.859999999999962
Q-Learning - complex,666,-16.049999999999986
Q-Learning - complex,667,-8.579999999999973
Q-Learning - complex,668,-9.999999999999966
Q-Learning - complex,669,-8.909999999999968
Q-Learning - complex,670,-13.129999999999967
Q-Learning - complex,671,-14.289999999999973
Q-Learning - complex,672,-15.959999999999964
Q-Learning - complex,673,-13.019999999999964
Q-Learning - complex,674,-9.509999999999978
Q-Learning - complex,675,-15.549999999999965
Q-Learning - complex,676,-18.24999999999997
Q-Learning - complex,677,-15.27999999999996
Q-Learning - complex,678,-16.78000000000004
Q-Learning - complex,679,-16.55000000000011
Q-Learning - complex,680,-12.289999999999964
Q-Learning - complex,681,-5.629999999999985
Q-Learning - complex,682,-12.749999999999964
Q-Learning - complex,683,-7.059999999999979
Q-Learning - complex,684,-9.619999999999967
Q-Learning - complex,685,-12.339999999999973
Q-Learning - complex,686,-10.109999999999966
Q-Learning - complex,687,-15.48999999999996
Q-Learning - complex,688,-15.519999999999959
Q-Learning - complex,689,-8.989999999999966
Q-Learning - complex,690,-10.78999999999996
Q-Learning - complex,691,-13.15999999999997
Q-Learning - complex,692,-8.259999999999968
Q-Learning - complex,693,-17.76
Q-Learning - complex,694,-13.019999999999968
Q-Learning - complex,695,-11.609999999999975
Q-Learning - complex,696,-10.489999999999965
Q-Learning - complex,697,-8.209999999999972
Q-Learning - complex,698,-12.559999999999969
Q-Learning - complex,699,-9.88999999999996
Q-Learning - complex,700,-22.440000000000122
Q-Learning - complex,701,-10.489999999999968
Q-Learning - complex,702,-12.309999999999956
Q-Learning - complex,703,-17.130000000000056
Q-Learning - complex,704,-12.259999999999968
Q-Learning - complex,705,-15.009999999999964
Q-Learning - complex,706,-13.539999999999969
Q-Learning - complex,707,-7.4099999999999735
Q-Learning - complex,708,-13.049999999999965
Q-Learning - complex,709,-12.779999999999973
Q-Learning - complex,710,-17.319999999999972
Q-Learning - complex,711,-13.919999999999975
Q-Learning - complex,712,-14.409999999999966
Q-Learning - complex,713,-9.119999999999964
Q-Learning - complex,714,-5.88999999999998
Q-Learning - complex,715,-19.09
Q-Learning - complex,716,-10.979999999999965
Q-Learning - complex,717,-20.290000000000088
Q-Learning - complex,718,-14.159999999999968
Q-Learning - complex,719,-13.999999999999963
Q-Learning - complex,720,-8.419999999999973
Q-Learning - complex,721,-15.309999999999967
Q-Learning - complex,722,-15.499999999999964
Q-Learning - complex,723,-9.049999999999963
Q-Learning - complex,724,-14.519999999999964
Q-Learning - complex,725,-17.130000000000003
Q-Learning - complex,726,-16.96999999999998
Q-Learning - complex,727,-15.389999999999965
Q-Learning - complex,728,-12.229999999999961
Q-Learning - complex,729,-10.769999999999975
Q-Learning - complex,730,-11.279999999999967
Q-Learning - complex,731,-7.469999999999968
Q-Learning - complex,732,-7.059999999999963
Q-Learning - complex,733,-4.829999999999971
Q-Learning - complex,734,-8.529999999999967
Q-Learning - complex,735,-10.979999999999963
Q-Learning - complex,736,-15.609999999999971
Q-Learning - complex,737,-2.0499999999999883
Q-Learning - complex,738,-11.549999999999965
Q-Learning - complex,739,-17.13000000000004
Q-Learning - complex,740,-9.289999999999978
Q-Learning - complex,741,-15.009999999999964
Q-Learning - complex,742,-18.220000000000038
Q-Learning - complex,743,-19.499999999999986
Q-Learning - complex,744,-11.95999999999996
Q-Learning - complex,745,-18.630000000000088
Q-Learning - complex,746,-14.409999999999963
Q-Learning - complex,747,-8.82999999999997
Q-Learning - complex,748,-9.889999999999972
Q-Learning - complex,749,-11.579999999999966
Q-Learning - complex,750,-12.939999999999964
Q-Learning - complex,751,-17.73
Q-Learning - complex,752,-12.719999999999967
Q-Learning - complex,753,-9.099999999999975
Q-Learning - complex,754,-11.279999999999971
Q-Learning - complex,755,-6.789999999999981
Q-Learning - complex,756,-11.659999999999965
Q-Learning - complex,757,-16.479999999999972
Q-Learning - complex,758,-13.839999999999964
Q-Learning - complex,759,-19.500000000000043
Q-Learning - complex,760,-11.469999999999965
Q-Learning - complex,761,-10.379999999999969
Q-Learning - complex,762,-9.31999999999997
Q-Learning - complex,763,-12.289999999999967
Q-Learning - complex,764,-22.140000000000025
Q-Learning - complex,765,-5.789999999999988
Q-Learning - complex,766,-13.729999999999968
Q-Learning - complex,767,-14.189999999999968
Q-Learning - complex,768,-13.539999999999964
Q-Learning - complex,769,-11.629999999999972
Q-Learning - complex,770,-21.240000000000066
Q-Learning - complex,771,-11.689999999999973
Q-Learning - complex,772,-9.289999999999962
Q-Learning - complex,773,-22.770000000000024
Q-Learning - complex,774,-9.319999999999968
Q-Learning - complex,775,-12.939999999999964
Q-Learning - complex,776,-4.009999999999995
Q-Learning - complex,777,-17.079999999999977
Q-Learning - complex,778,-24.510000000000083
Q-Learning - complex,779,-11.579999999999965
Q-Learning - complex,780,-17.76
Q-Learning - complex,781,-12.60999999999996
Q-Learning - complex,782,-10.789999999999964
Q-Learning - complex,783,-13.429999999999964
Q-Learning - complex,784,-11.02999999999997
Q-Learning - complex,785,-6.429999999999972
Q-Learning - complex,786,-14.599999999999962
Q-Learning - complex,787,-17.07999999999998
Q-Learning - complex,788,-6.729999999999981
Q-Learning - complex,789,-8.829999999999965
Q-Learning - complex,790,-5.919999999999964
Q-Learning - complex,791,-11.16999999999997
Q-Learning - complex,792,-20.480000000000118
Q-Learning - complex,793,-15.909999999999965
Q-Learning - complex,794,-11.16999999999997
Q-Learning - complex,795,-15.879999999999969
Q-Learning - complex,796,-8.199999999999966
Q-Learning - complex,797,-15.249999999999963
Q-Learning - complex,798,-14.409999999999966
Q-Learning - complex,799,-14.599999999999966
Q-Learning - complex,800,-17.730000000000025
Q-Learning - complex,801,-5.779999999999961
Q-Learning - complex,802,-5.809999999999972
Q-Learning - complex,803,-7.439999999999968
Q-Learning - complex,804,-13.049999999999967
Q-Learning - complex,805,-12.069999999999963
Q-Learning - complex,806,-5.339999999999974
Q-Learning - complex,807,-6.269999999999969
Q-Learning - complex,808,-7.3599999999999755
Q-Learning - complex,809,-12.969999999999969
Q-Learning - complex,810,-17.57000000000005
Q-Learning - complex,811,-10.789999999999964
Q-Learning - complex,812,-14.109999999999967
Q-Learning - complex,813,-13.919999999999968
Q-Learning - complex,814,-15.009999999999968
Q-Learning - complex,815,-5.129999999999993
Q-Learning - complex,816,-12.25999999999996
Q-Learning - complex,817,-18.51999999999999
Q-Learning - complex,818,-13.64999999999998
Q-Learning - complex,819,-11.169999999999964
Q-Learning - complex,820,-20.019999999999985
Q-Learning - complex,821,-9.289999999999976
Q-Learning - complex,822,-17.05
Q-Learning - complex,823,-19.23000000000004
Q-Learning - complex,824,-19.770000000000003
Q-Learning - complex,825,-8.339999999999963
Q-Learning - complex,826,-10.729999999999963
Q-Learning - complex,827,-2.1499999999999972
Q-Learning - complex,828,-12.829999999999961
Q-Learning - complex,829,-13.759999999999966
Q-Learning - complex,830,-8.909999999999966
Q-Learning - complex,831,-6.64999999999997
Q-Learning - complex,832,-10.10999999999997
Q-Learning - complex,833,-10.56999999999996
Q-Learning - complex,834,-9.699999999999962
Q-Learning - complex,835,-15.38999999999996
Q-Learning - complex,836,-10.29999999999996
Q-Learning - complex,837,-16.97
Q-Learning - complex,838,-8.069999999999972
Q-Learning - complex,839,-12.14999999999997
Q-Learning - complex,840,-11.579999999999961
Q-Learning - complex,841,-11.669999999999977
Q-Learning - complex,842,-8.039999999999965
Q-Learning - complex,843,-11.579999999999965
Q-Learning - complex,844,-17.73000000000002
Q-Learning - complex,845,-8.93999999999996
Q-Learning - complex,846,-10.949999999999969
Q-Learning - complex,847,-8.939999999999968
Q-Learning - complex,848,-14.109999999999962
Q-Learning - complex,849,-11.76999999999997
Q-Learning - complex,850,-14.219999999999962
Q-Learning - complex,851,-20.260000000000044
Q-Learning - complex,852,-3.5299999999999976
Q-Learning - complex,853,-9.809999999999961
Q-Learning - complex,854,-9.319999999999963
Q-Learning - complex,855,-11.929999999999971
Q-Learning - complex,856,-3.449999999999985
Q-Learning - complex,857,-16.479999999999983
Q-Learning - complex,858,-10.169999999999964
Q-Learning - complex,859,-7.849999999999968
Q-Learning - complex,860,-8.939999999999962
Q-Learning - complex,861,-8.799999999999963
Q-Learning - complex,862,-10.319999999999968
Q-Learning - complex,863,-11.769999999999964
Q-Learning - complex,864,-18.980000000000008
Q-Learning - complex,865,-12.529999999999964
Q-Learning - complex,866,-17.34999999999997
Q-Learning - complex,867,-6.2099999999999715
Q-Learning - complex,868,-20.940000000000115
Q-Learning - complex,869,-5.129999999999979
Q-Learning - complex,870,-13.209999999999967
Q-Learning - complex,871,-10.679999999999964
Q-Learning - complex,872,-13.269999999999973
Q-Learning - complex,873,-17.95000000000004
Q-Learning - complex,874,-5.809999999999977
Q-Learning - complex,875,-20.320000000000036
Q-Learning - complex,876,-11.459999999999962
Q-Learning - complex,877,-9.889999999999961
Q-Learning - complex,878,-10.709999999999964
Q-Learning - complex,879,-5.859999999999971
Q-Learning - complex,880,-15.27999999999997
Q-Learning - complex,881,-8.659999999999966
Q-Learning - complex,882,-14.219999999999967
Q-Learning - complex,883,-9.589999999999984
Q-Learning - complex,884,-12.339999999999963
Q-Learning - complex,885,-13.569999999999977
Q-Learning - complex,886,-17.67999999999999
Q-Learning - complex,887,-14.219999999999969
Q-Learning - complex,888,-10.649999999999972
Q-Learning - complex,889,-7.229999999999983
Q-Learning - complex,890,-14.759999999999966
Q-Learning - complex,891,-20.130000000000123
Q-Learning - complex,892,-19.690000000000012
Q-Learning - complex,893,-24.21000000000006
Q-Learning - complex,894,-11.659999999999966
Q-Learning - complex,895,-16.970000000000045
Q-Learning - complex,896,-17.509999999999962
Q-Learning - complex,897,-13.509999999999971
Q-Learning - complex,898,-8.639999999999963
Q-Learning - complex,899,-7.3099999999999845
Q-Learning - complex,900,-14.489999999999968
Q-Learning - complex,901,-9.289999999999973
Q-Learning - complex,902,-14.299999999999965
Q-Learning - complex,903,-7.299999999999965
Q-Learning - complex,904,-15.989999999999963
Q-Learning - complex,905,-9.319999999999967
Q-Learning - complex,906,-10.67999999999996
Q-Learning - complex,907,-19.310000000000098
Q-Learning - complex,908,-19.040000000000013
Q-Learning - complex,909,-17.159999999999968
Q-Learning - complex,910,-14.869999999999964
Q-Learning - complex,911,-21.950000000000088
Q-Learning - complex,912,-7.289999999999983
Q-Learning - complex,913,-9.969999999999962
Q-Learning - complex,914,-6.679999999999976
Q-Learning - complex,915,-3.789999999999985
Q-Learning - complex,916,-12.069999999999965
Q-Learning - complex,917,-14.489999999999958
Q-Learning - complex,918,-9.019999999999984
Q-Learning - complex,919,-15.269999999999982
Q-Learning - complex,920,-9.479999999999961
Q-Learning - complex,921,-18.550000000000004
Q-Learning - complex,922,-6.64999999999997
Q-Learning - complex,923,-12.069999999999963
Q-Learning - complex,924,-9.919999999999972
Q-Learning - complex,925,-0.8100000000000005
Q-Learning - complex,926,-6.849999999999974
Q-Learning - complex,927,-13.209999999999965
Q-Learning - complex,928,-19.79999999999999
Q-Learning - complex,929,-10.599999999999971
Q-Learning - complex,930,-9.859999999999967
Q-Learning - complex,931,-15.059999999999963
Q-Learning - complex,932,-14.139999999999963
Q-Learning - complex,933,-15.199999999999964
Q-Learning - complex,934,-5.369999999999978
Q-Learning - complex,935,-13.919999999999966
Q-Learning - complex,936,-5.529999999999985
Q-Learning - complex,937,-17.16
Q-Learning - complex,938,-24.02000000000003
Q-Learning - complex,939,-19.279999999999987
Q-Learning - complex,940,-13.729999999999963
Q-Learning - complex,941,-9.66999999999996
Q-Learning - complex,942,-13.729999999999961
Q-Learning - complex,943,-12.939999999999968
Q-Learning - complex,944,-10.789999999999964
Q-Learning - complex,945,-7.549999999999964
Q-Learning - complex,946,-15.009999999999964
Q-Learning - complex,947,-14.929999999999964
Q-Learning - complex,948,-12.069999999999963
Q-Learning - complex,949,-21.490000000000027
Q-Learning - complex,950,-9.239999999999968
Q-Learning - complex,951,-11.51999999999997
Q-Learning - complex,952,-13.829999999999965
Q-Learning - complex,953,-3.5099999999999945
Q-Learning - complex,954,-11.35999999999996
Q-Learning - complex,955,-13.42999999999996
Q-Learning - complex,956,-11.439999999999957
Q-Learning - complex,957,-16.17999999999998
Q-Learning - complex,958,-8.749999999999968
Q-Learning - complex,959,-12.369999999999962
Q-Learning - complex,960,-19.930000000000067
Q-Learning - complex,961,-13.64999999999997
Q-Learning - complex,962,-13.919999999999968
Q-Learning - complex,963,-9.129999999999965
Q-Learning - complex,964,-11.76999999999997
Q-Learning - complex,965,-12.479999999999963
Q-Learning - complex,966,-12.85999999999997
Q-Learning - complex,967,-14.219999999999965
Q-Learning - complex,968,-20.590000000000042
Q-Learning - complex,969,-17.27
Q-Learning - complex,970,-19.990000000000027
Q-Learning - complex,971,-16.94
Q-Learning - complex,972,-11.84999999999996
Q-Learning - complex,973,-10.249999999999975
Q-Learning - complex,974,-10.869999999999967
Q-Learning - complex,975,-13.919999999999972
Q-Learning - complex,976,-13.509999999999966
Q-Learning - complex,977,-15.389999999999965
Q-Learning - complex,978,-11.219999999999963
Q-Learning - complex,979,-11.169999999999968
Q-Learning - complex,980,-19.530000000000083
Q-Learning - complex,981,-9.399999999999963
Q-Learning - complex,982,-12.639999999999963
Q-Learning - complex,983,-16.370000000000008
Q-Learning - complex,984,-15.08999999999997
Q-Learning - complex,985,-19.580000000000023
Q-Learning - complex,986,-13.619999999999964
Q-Learning - complex,987,-11.439999999999968
Q-Learning - complex,988,-14.409999999999961
Q-Learning - complex,989,-12.44999999999997
Q-Learning - complex,990,-6.869999999999981
Q-Learning - complex,991,-8.309999999999963
Q-Learning - complex,992,-4.929999999999983
Q-Learning - complex,993,-10.789999999999967
Q-Learning - complex,994,-11.839999999999959
Q-Learning - complex,995,-7.819999999999966
Q-Learning - complex,996,-13.209999999999965
Q-Learning - complex,997,-6.949999999999965
Q-Learning - complex,998,-16.690000000000072
Q-Learning - complex,999,-16.069999999999972
